Catalog_number,Identification,Country,State,County,Locality,Collector,Date,Year,Decade,Collector_number,Sex,Age,Prep,Location_in_collections ,Beak_length_mm,Beak_width_ventral_base_mm,Anterior_nostril_tip_mm,Beak_depth_mm,Tarsus_length_mm,Wing_chord_mm,Notes
665513,Sturnus vulgaris,England,Tring,Herts,,Rothschild,,1900,1900,,M,,SKIN,lower tray 360 A 34 (Great Britain),25.3,9.02,18.85,7.31,34.53,130,
665509,Sturnus vulgaris,England,Tring,Herts,,,,1922,,,M,,SKIN,lower tray 360 A 34 (Great Britain),23.24,8.79,15.74,7.91,29.66,124.5,
665513,Sturnus vulgaris,England,Tring,Herts,,Rothschild,,1900,1900,,M,,SKIN,lower tray 360 A 34 (Great Britain),25.47,8.62,18.76,8.02,29.34,?,
665519,Sturnus vulgaris,England,Tring,Herts,,,,1894,1890,,M,,SKIN,lower tray 360 A 34 (Great Britain),26.55,8.75,19.73,7.51,30.4,127,removed from exhibition 9/83
413815,Sturnus vulgaris,England,Lympsham,Somerset,,,,1932,1900,,F,,SKIN,lower tray 360 A 34 (Great Britain),23.78,7.94,16,7.5,29.03,121.5,
665497,Sturnus vulgaris,England,Tring,Reservoirs,,,,1918,1910,,F,,SKIN,lower tray 360 A 34 (Great Britain),25.21,7.89,17.48,7.48,29.38,128,
413814,Sturnus vulgaris,England,Lympsham,Somerset,,,,1932,1930,,M,,SKIN,lower tray 360 A 34 (Great Britain),24.69,8.7,17.42,7.68,29.31,124,
665507,Sturnus vulgaris,England,Tring,Herts,,,,1914,1910,,M,,SKIN,lower tray 360 A 34 (Great Britain),24.15,8.33,16.51,7.41,29.71,129,
665556,Sturnus vulgaris,Scotland,Stirlingshire,Denovan,,G. E. Paterson,,1873,1870,,M,,SKIN,lower tray 360 A 34 (Great Britain),24.32,8.49,17.15,7.9,29.61,?,
655510,Sturnus vulgaris,England,Tring,Herts,,,,1922,1920,,M,,SKIN,lower tray 360 A 34 (Great Britain),25.3,8.39,17.52,7.34,30.43,125,
25083,Sturnus vulgaris,England,Kingsbridge,Devon,,,,,,,M,,SKIN,lower tray 360 A 34 (Great Britain),24.89,8.59,17.32,7.34,28.43,122,
665486,Sturnus vulgaris,England,Tring,Reservoirs,,,,1914,1910,,M,,SKIN,lower tray 360 A 34 (Great Britain),25.63,8.99,16.84,7.51,31.71,127.5,in full moult!
665487,Sturnus vulgaris,England,Tring,Reservoirs,,,,1914,1910,,M,,SKIN,lower tray 360 A 34 (Great Britain),26,9.23,16.89,8.11,30.32,128,in full moult!
665469,Sturnus vulgaris,England,Sussex,Chailey,,"C. Brazenor
A. Brazenor",,1889,1880,,M,,SKIN,lower tray 360 A 34 (Great Britain),24.53,8.08,16.47,7.87,30.67,130,
665549,Sturnus vulgaris,England,"Thournhaugh, Wansford, Northants",,,,,1889,1880,,M,,SKIN,lower tray 360 A 34 (Great Britain),24.77,8.27,16.66,7.5,30.15,124,
378679,Sturnus vulgaris,England,,Bedford,,,,1914,1910,,M,,SKIN,lower tray 360 A 34 (Great Britain),25.45,9.15,NA,8.67,28.6,123.5,"41293 = collectors number, nostrils rotted?"
665493,Sturnus vulgaris,England,Tring,Reservoirs,,,,1918,1910,,M,,SKIN,lower tray 360 A 34 (Great Britain),24.82,8.49,17.1,8.66,32.24,125,
378682,Sturnus vulgaris,England,Kent,"Dymchurch, Romney Marsh",,,,1920,1920,,M,,SKIN,lower tray 360 A 34 (Great Britain),25.59,8.45,15.56,9.96,30.84,120.5,
665498,Sturnus vulgaris,England,Tring,Reservoirs,,,,1918,1918,,F,,SKIN,lower tray 360 A 34 (Great Britain),22.93,8.53,16.34,7.18,30.48,123.5,
665492,Sturnus vulgaris,England,Tring,Reservoirs,,,,1918,1918,,M,,SKIN,lower tray 360 A 34 (Great Britain),23.97,9.08,16.59,7.78,29.75,129,
665521,Sturnus vulgaris,England,Tring,Herts,,Rothschild,,1893,1890,,M,,SKIN,lower tray 360 A 34 (Great Britain),23.32,8.14,16.75,7.43,30,126,
665494,Sturnus vulgaris,England,"Reservoirs, Tring, Herts",,,,,,,,M,,SKIN,lower tray 360 A 34 (Great Britain),23.98,9.12,17.13,7.47,30.33,129,
665520,Sturnus vulgaris,England,Tring,Herts,,,,,,,M,,SKIN,lower tray 360 A 34 (Great Britain),24.22,8.07,16.55,NA,28.6,125,
665496,Sturnus vulgaris,England,Tring,Herts,,,,1921,1920,,F,,SKIN,lower tray 360 A 35 (Great Britain),25.29,8.43,17.24,7.26,27.75,127,
378681,Sturnus vulgaris,England,Devon,,,,,,,,M,,SKIN,lower tray 360 A 35 (Great Britain),23.32,7.91,16.06,8.36,28.36,128,
665500,Sturnus vulgaris,England,"Wilstone Reservoirs, Tring, Herts",,,J. Street,,,,,NA,,SKIN,lower tray 360 A 35 (Great Britain),26.24,8.16,18.11,6.97,28.82,125,
665480,Sturnus vulgaris,England ,"Wells, Somerset",,,S. Lewis,,,,,,,SKIN,lower tray 360 A 35 (Great Britain),NO Date,NO Date,NO Date,NO Date,NO Date,NO Date,
665504,Sturnus vulgaris,England ,"Tring, Herts",,,,,,,,M,,SKIN,lower tray 360 A 35 (Great Britain),23.95,7.12,17.29,6.85,30.32,130,
665478,Sturnus vulgaris,England ,Eton,,,"E. Gurney
R. Gurney",,,,,F,,SKIN,lower tray 360 A 35 (Great Britain),25.82,8.04,18.56,NA,30.74,126,
665485,Sturnus vulgaris,England,"Reservoirs, Tring, Herts",,,,,,,,M,,SKIN,lower tray 360 A 35 (Great Britain),24.21,8.89,16.61,8.36,29.34,126,
665484,Sturnus vulgaris,England,"Tring Park, Herts",,,E. Hartert,,,,,M,,SKIN,lower tray 360 A 35 (Great Britain),25.43,9.16,17.85,7.54,30.86,125,
54502,Sturnus vulgaris,England,Kingsbridge,,,R. P. Nicholls,13 Feb 1878,1878,,,M,,SKIN,lower tray 360 A 35 (Great Britain),23.42,7.9,17.46,7.79,29.94,123,
665489,Sturnus vulgaris,England,"Reservoirs, Tring, Herts",,,N. C. Rothschild,26-Dec-21,1921,,,M,,SKIN,lower tray 360 A 35 (Great Britain),23.6,7.68,16.24,7.15,27.66,124,
665490,Sturnus vulgaris,England,"Reservoirs, Tring, Herts",,,N. C. Rothschild,27-Dec-21,1921,,,M,,SKIN,lower tray 360 A 35 (Great Britain),25.21,7.52,17.5,7.71,30.79,125,
54499,Sturnus vulgaris,England,Kingsbridge,,,R. P. Nicholls,26 Dec 1877,1877,,,F,,SKIN,lower tray 360 A 35 (Great Britain),25.08,8.76,17.73,7.69,32.1,125,
378690,Sturnus vulgaris,England,Middlesex,Twickenham,,,Dec-06,1906,,,F,,SKIN,lower tray 360 A 35 (Great Britain),21.79,7.74,16.79,7.27,29.3,124,
378683,Sturnus vulgaris,England,Kent,"Dymchurch, Romney Marsh",,,26-Sep-10,1910,,,F,,SKIN,lower tray 360 A 35 (Great Britain),22.58,7.62,16.65,6.69,28.72,124,
378687,Sturnus vulgaris,England,Leicestershire,,,,28-Mar-12,1912,,,F,,SKIN,lower tray 360 A 35 (Great Britain),23.97,7.2,17.28,7.52,29.63,124,
378701,Sturnus vulgaris,England?,"Wall of Gall, Lt. Ho.",,,,31-Mar-11,1911,,,F,,SKIN,lower tray 360 A 35 (Great Britain),24.45,8.39,17.39,6.53,29.79,130,
378702,Sturnus vulgaris,Scotland,Isle of May,,,,2-Nov-08,1908,,,F,,SKIN,lower tray 360 A 35 (Great Britain),25.56,8.35,17.4,7.28,32.21,123,
665491,Sturnus vulgaris,England,"Reservoirs, Tring, Herts",,,N. C. Rothschild,26-Dec-21,1921,,,M,,SKIN,lower tray 360 A 35 (Great Britain),23.71,8.65,16.65,7.45,30.35,131,
665495,Sturnus vulgaris,England,"Reservoirs, Tring, Herts",,,,27-Dec-21,1921,,,F,,SKIN,lower tray 360 A 35 (Great Britain),22.41,7.71,17.58,7.32,33.42,120,
665503,Sturnus vulgaris,England,"Tring, Herts",,,A. Minall,21 Sep 1893,1893,,,M,,SKIN,lower tray 360 A 35 (Great Britain),25.55,8.41,16.62,7.47,33.14,130,
665477,Sturnus vulgaris,England,Eton,,,"E. Gurney
R. Gurney",Mar 1891,1891,,,M,,SKIN,lower tray 360 A 35 (Great Britain),25.9,7.7,18.19,7.43,30.32,127,
54503,Sturnus vulgaris,England,Kingsbridge,,,R. P. Nicholls,02 Nov 1877,1877,,,M,,SKIN,lower tray 360 A 35 (Great Britain),25.18,8.36,17.66,7.88,34.13,125,
665488,Sturnus vulgaris,England,"Reservoirs, Tring, Herts",,,N. C. Rothschild,20-Dec-21,1921,,,M,,SKIN,lower tray 360 A 35 (Great Britain),25.88,8.38,18.15,7.11,33.75,128,
665501,Sturnus vulgaris,England,"Tring, Herts",,,N. C. Rothschild,29-Sep-00,1900,,,M,,SKIN,lower tray 360 A 35 (Great Britain),26.67,8.77,16.77,7.22,31.29,126,
665502,Sturnus vulgaris,England ,"Tring, Herts",,,N. C. Rothschild,21 Sep 1893,1893,,,M,,SKIN,lower tray 360 A 35 (Great Britain),24.46,8.65,17.78,7.69,30.95,128,"wing fell off, sawdust spilled out"
SKIN 665534,Sturnus vulgaris vulgaris,United Kingdom,England,Hertfordshire,Tring,N. C. Rothschild,21-Jul-02,1902,,21-Jul-02,,-,SKIN,lower tray 360 A 35 (Great Britain),25.08,7.37,19.42,8.09,31.17,??,Where is this bird? 
JZ = 12/18/18,,,,,,,,,,,,,,,,,,,,,
665531,Sturnus vulgaris,England ,Hertfordshire,Tring,,,3-Oct-18,,,,F,,SKIN,lower tray 360 A 35 (Great Britain),21.58,8.13,15.25,6.41,30.32,119,JUVENILE?
665530,Sturnus vulgaris,England ,Hertfordshire,Tring,,,20-Jan-12,1912,,,F,,SKIN,lower tray 360 A 35 (Great Britain),24.41,7.67,17.11,6.8,28.48,110,JUVENILE?
665512,Sturnus vulgaris,England ,"Tring, Herts",,,Britton,24 Oct 1898,1898,,,M,,SKIN,"upper middle tray, no label (Uk specimens)",23.35,7.89,17.07,7.19,30.45,123,
378685,Sturnus vulgaris,England ,Hertfordshire,Welwyn,,,27-Nov-12,1912,,,M,,SKIN,"upper middle tray, no label (Uk specimens)",25.41,8.76,18.05,6.7,30.83,123,
665527,Sturnus vulgaris,England ,Hertfordshire,Tring,,,9-Nov-18,1918,,,M,,SKIN,"upper middle tray, no label (Uk specimens)",23.88,7.6,16.72,7.77,34.9,128,beak tip slightly worn
665526,Sturnus vulgaris,England ,Hertfordshire,Tring,,,17 Jan 1895,1895,,,F,,SKIN,"upper middle tray, no label (Uk specimens)",25.71,8.17,17.92,8.03,35.03,125,
665546,Sturnus vulgaris,England ,"Ashtonwold, Oundle, Northants",,,N. C. Rothschild,12-Jun-21,1921,,,M,,SKIN,"upper middle tray, no label (Uk specimens)",23.06,8.67,16.49,7.38,33.32,125,"wing prepped very close to body, difficult to measure"
378680,Sturnus vulgaris,England ,Bedford,,,,8-May-14,1914,,,M,,SKIN,"upper middle tray, no label (Uk specimens)",23.24,7.73,17.26,8.2,27.89,123,"beak slightly open, depth not reliable; wing prepped very close to body, difficult to measure"
665532,Sturnus vulgaris,England ,Hertfordshire,Tring,,,26-Oct-14,1914,,,F,,SKIN,"upper middle tray, no label (Uk specimens)",22.37,7.85,16.69,6.25,31.32,120,
665544,Sturnus vulgaris,England ,"Sprowston, Norwich",,,"E. Gurney
R. Gurney",Jan 1893,1893,,,F,,SKIN,"upper middle tray, no label (Uk specimens)",24.44,7.79,16.08,7.55,28.39,120,
665542,Sturnus vulgaris,England ,"Sprowston, Norwich",,,"E. Gurney
R. Gurney",Oct 1894,1894,,,M,,SKIN,"upper middle tray, no label (Uk specimens)",23.98,8.73,16.91,6.88,31.62,120,"legs prepped up tightly, tarsus hard to measure"
665547,Sturnus vulgaris,England ,"Ashtonwold, Oundle, Northants",,,N. C. Rothschild,11-Dec-21,1921,,,M,,SKIN,"upper middle tray, no label (Uk specimens)",25.39,7.73,17.03,6.99,30.43,126,
665548,Sturnus vulgaris,England ,"Ashtonwold, Oundle, Northants",,,N. C. Rothschild,12-Nov-21,1921,,,F,,SKIN,"upper middle tray, no label (Uk specimens)",24.53,8.32,16.5,6.6,29.47,125,
665550,Sturnus vulgaris,England ,"Thournhaugh, Wansford, Northants",,,H. Slater,27 Dec 1892,1892,,,F,,SKIN,"upper middle tray, no label (Uk specimens)",25.22,8.33,17.86,7.43,30.73,119,
665535,Sturnus vulgaris,England ,Hertfordshire,Tring,,J. Street,18-Nov-01,1901,,,F?,,SKIN,"upper middle tray, no label (Uk specimens)",24.51,7.96,17.24,7.14,35.37,125,
665554,Sturnus vulgaris,England ,,York,,Bernard Moiser,Nov-01,1901,,,F?,,SKIN,"upper middle tray, no label (Uk specimens)",24.97,7.56,16.19,7.62,30.1,130,
665555,Sturnus vulgaris,England ,Stirlingshire,Denovan,,G. E. Paterson,28 Jan 1873,1873,,,M,,SKIN,"upper middle tray, no label (Uk specimens)",24.48,8.6,17.69,7.64,30.76,125,
665557,Sturnus vulgaris,England ,Stirlingshire,Denovan,,G. E. Paterson,14 Oct 1870,1870,,,F?,,SKIN,"upper middle tray, no label (Uk specimens)",23.52,8.62,15.74,7.9,32.68,124,
665558,Sturnus vulgaris,England ,Stirlingshire,Milliken,,A. Kirkwood,Oct 1886,1886,,,M,,SKIN,"upper middle tray, no label (Uk specimens)",23.4,7.75,15.89,7.71,32.98,130,
648035,Sturnus vulgaris,Scotland,"Lochmoddy, N. Vist.",,,,26-Mar-38,1938,,,M,,SKIN,"upper middle tray, no label (Uk specimens)",25.48,7.98,18.67,8.35,32.39,125,
JZ=12/20,,,,,,,,,,,,,,,,,,,,,
665516,Sturnus vulgaris,England ,"Tring, Herts",,,,13-Mar-25,1925,,,M,,SKIN,upper tray 360 B 1 - Great Britain,24.32,7.6,17.46,8.22,30.39,126,
454284,Sturnus vulgaris,England ,Hertfordshire,"Reservoirs, Tring",,,30-Jan-12,1912,,,M,,SKIN,upper tray 360 B 1 - Great Britain,24.31,7.56,17.15,7.67,28.92,125,unusual white plumage on tail (see iPhone pic)
378684,Sturnus vulgaris,England ,Hertfordshire,Welwyn,,,27-Nov-12,1912,,,M,,SKIN,upper tray 360 B 1 - Great Britain,25.58,8.2,18.73,7.84,28.84,129,
25081,Sturnus vulgaris,England ,Devon,Kingsbridge,,R. P. Nicholls,26 Dec 1877,1877,,,M,,SKIN,upper tray 360 B 1 - Great Britain,24.51,7.49,16.86,7.89,27.41,126,
378686,Sturnus vulgaris,England ,Hertfordshire,Welwyn,,,27-Nov-12,1912,,,M,,SKIN,upper tray 360 B 1 - Great Britain,25.56,7.67,18.21,9,30.07,124,beak cracked and propped open
665561,Sturnus vulgaris,England ,Colesborne,,,H. J. Elwes,Apr 1866,1866,,,M?,,SKIN,upper tray 360 B 1 - Great Britain,23.83,7.52,16.8,7.54,29.75,129,
665559,Sturnus vulgaris,Scotland,Stirlingshire,Milliken,,A. Kirkwood,Oct 1886,1886,,,M,,SKIN,upper tray 360 B 1 - Great Britain,23.49,7.8,16.12,7.59,30.05,131,
454282,Sturnus vulgaris,England ,Hertfordshire,"Marsworth, Nr Tring",,,26-Nov-08,1908,,,F,,SKIN,upper tray 360 B 1 - Great Britain,24.96,7.71,17.2,7.62,28.6,120,white plumage on tail! (see pic)
665517,Sturnus vulgaris,England ,"Tring, Herts",,,,6-Feb-17,1917,,,M,,SKIN,upper tray 360 B 1 - Great Britain,24.66,7.64,16.97,8.05,28.45,125,
378689,Sturnus vulgaris,England ,Middlesex,Park Royal,,,2-Dec-13,1913,,,F,,SKIN,upper tray 360 B 1 - Great Britain,23.19,8.46,17.28,7.75,27.28,115,"bird is VERY cute, juvenile?"
378688,Sturnus vulgaris,England ,Norfolk,,,,6-Mar-08,1908,,,F,,SKIN,upper tray 360 B 1 - Great Britain,27.86,7.32,19.97,7.81,30.33,125,
665560,Sturnus vulgaris,England ,"Dougalston, Milngarie",,,R. D. Paterson,30 Dec 1872,1872,,,?,,SKIN,upper tray 360 B 1 - Great Britain,24.25,7.63,17.07,7.08,29.71,120,
665543,Sturnus vulgaris,England ,"Sprowston, Norwich",,,R. Gurney,17 Jan 1898,1898,,,M,,SKIN,upper tray 360 B 1 - Great Britain,25.87,8.48,18.1,8.11,31.86,130,
665564,Sturnus vulgaris,England ,Marsworth,,,,2-Oct-06,1906,,,?,,SKIN,upper tray 360 B 1 - Great Britain,24.99,8.36,17.97,8.1,28.51,121,
54501,Sturnus vulgaris,England ,Kingsbridge,,,R. P. Nicholls,26 Dec 1877,1877,,,,,SKIN,upper tray 360 B 1 - Great Britain,25.29,7.59,17.75,6.93,28.64,128,
665541,Sturnus vulgaris,England ,"Ingham, Norwich",,,"E. Gurney
R. Gurney",11-Mar-15,1915,,,M,,SKIN,upper tray 360 B 1 - Great Britain,26.54,7.67,18.17,8.69,28.87,129,
665552,Sturnus vulgaris,England ,Riding Mill,,,H. Slater,1878,1878,,,M,,SKIN,upper tray 360 B 1 - Great Britain,24.34,7.3,17.08,7.54,26.9,126,
665553,Sturnus vulgaris,England ,Riding Mill,,,H. Slater,1878,1878,,,F,,SKIN,upper tray 360 B 1 - Great Britain,25.99,7.57,17.68,8.19,31.04,130,
25082,Sturnus vulgaris,England ,Devon,Kingsbridge,,R. P. Nicholls,20 Dec 1876,1876,,,F,,SKIN,upper tray 360 B 1 - Great Britain,23.92,8.06,16.63,6.98,27.82,122,
JZ 12/27/18,,,,,,,,,,,,,,,,,,,,,
665514,Sturnus vulgaris,England ,"Tring, Herts",,,,1-Jan-12,1912,,,M,,SKIN,upper tray 360 B 2 - Great Britain,26.39,8.26,18.44,8.01,31.9,127,
665468,Sturnus vulgaris,England ,Sussex,Brighton,,R. B. Sharpe,04 Oct 1888,1888,,,M,,SKIN,upper tray 360 B 2 - Great Britain,24.72,8.07,16.02,7.47,28.3,125,
665529,Sturnus vulgaris,England ,Hertfordshire,Tring,,N. C. Rothschild,02 Mar 1893,1893,,,F,,SKIN,upper tray 360 B 2 - Great Britain,24.7,7.52,17.46,8.38,29.18,129,
665515,Sturnus vulgaris,England ,"Tring, Herts",,,N. C. Rothschild,26 Dec 1895,1895,,,M,,SKIN,upper tray 360 B 2 - Great Britain,24.68,8.24,18.24,7.6,29.2,130,
665511,Sturnus vulgaris,England ,"Tring, Herts",,,N. C. Rothschild,03 Dec 1892,1892,,,M,,SKIN,upper tray 360 B 2 - Great Britain,25.98,7.32,17.99,8.03,30.69,128,
665505,Sturnus vulgaris,England ,"Tring, Herts",,,,26-Oct-14,1914,,,M,,SKIN,upper tray 360 B 2 - Great Britain,23.54,7.4,16.5,7.62,28.76,122,
648034,Sturnus vulgaris,Scotland,"Spomish, N. Vist.",,,,25-Mar-38,1938,,,M,,SKIN,upper tray 360 B 2 - Great Britain,24.53,7.94,17.33,8.18,28.06,124,
665508,Sturnus vulgaris,England ,"Tring, Herts",,,,9-Nov-18,1918,,,M,,SKIN,upper tray 360 B 2 - Great Britain,23.65,8.01,17.38,7.19,29.99,125,
665506,Sturnus vulgaris,England ,"Tring, Herts",,,,18-Sep-14,1914,,,M,,SKIN,upper tray 360 B 2 - Great Britain,24.01,7.89,18.51,7.03,29.27,127,
665525,Sturnus vulgaris,England ,Hertfordshire,Tring,,N. C. Rothschild,4-Oct-00,1900,,,M?,,SKIN,upper tray 360 B 2 - Great Britain,24.79,8.15,17.7,8.01,29.05,128,
665518,Sturnus vulgaris,England ,"Tring, Herts",,,N. C. Rothschild,17 Apr 1893,1893,,,M,,SKIN,upper tray 360 B 2 - Great Britain,24.32,8.54,16.8,7.95,29.54,126,
665528,Sturnus vulgaris,England ,Hertfordshire,Tring,,N. C. Rothschild,13 Apr 1893,1893,,,M,,SKIN,upper tray 360 B 2 - Great Britain,23.71,7.93,17.33,7.32,29.72,129,
665467,Sturnus vulgaris,England ,Sussex,"Rottingdean, Brighton",,R. B. Sharpe,02 Nov 1888,1888,,,M,,SKIN,upper tray 360 B 2 - Great Britain,25.25,8.62,16.4,9.01,28.9,125,
AUSTRALIA,,,,,,,,,,,,,,,,,,,,,
799798,Sturnus vulgaris,Australia,"Exeter, Tasmania",,,R. H. Green,3-Oct-66,1966,,,M,,SKIN,lower tray 360 A 33 - Australian Region,23.65,7.78,16.77,7.92,30.87,125,
799799,Sturnus vulgaris,Australia,"Antill Ponds, Tasmania",,,R. H. Green,30-May-59,1959,,,M,,SKIN,lower tray 360 A 33 - Australian Region,24.97,8.07,17.78,7.81,28.89,120,tag needs refastening!
665668,Sturnus vulgaris,Australia,Norfolk Island,,Mt. Pitt,Roy Bell,30-Jul-12,1912,,,M,,SKIN,lower tray 360 A 33 - Australian Region,27.7,7.38,20,7.35,29.1,120,
665669,Sturnus vulgaris,Australia,Norfolk Island,,Middlegate Rd.,Roy Bell,6-Aug-12,1912,,,F,,SKIN,lower tray 360 A 33 - Australian Region,23.13,6.88,15.95,7.47,28.88,121,
FAROE ISLANDS,,,,,,,,,,,,,,,,,,,,,
665692,Sturnus vulgaris faroensis,Faroe Islands,Nolso,,,,22-Sep-00,1900,,,M,,SKIN,lower tray 360 A 27 - S.v.faroensis,25.56,9.45,19.75,8.69,27.03,129,
665702,Sturnus vulgaris faroensis,Faroe Islands,Thorshaun,,,Schluter,NO DATE,,,,M,,SKIN,lower tray 360 A 27 - S.v.faroensis,24.39,9,18.23,8.08,29.99,133,
665691,Sturnus vulgaris faroensis,Faroe Islands,Nolso,,,,3-Oct-00,1900,,,M,,SKIN,lower tray 360 A 27 - S.v.faroensis,27.27,9.45,20.31,9.09,30.22,131,
665703,Sturnus vulgaris faroensis,Faroe Islands,Thorshaun,,,Schluter,09 Oct 1891,1891,,,M,,SKIN,lower tray 360 A 27 - S.v.faroensis,25.29,8.29,18.8,7.96,30.75,133,
665694,Sturnus vulgaris faroensis,Faroe Islands,Nolso,,,Schluter,06 Dec 1898,1898,,,M,,SKIN,lower tray 360 A 27 - S.v.faroensis,28.04,8.48,20.4,8.61,28.48,129,
665696,Sturnus vulgaris faroensis,Faroe Islands,Nolso,,,,05 Dec 1898,1898,,,F,,SKIN,lower tray 360 A 27 - S.v.faroensis,28.02,7.79,20.05,8.74,29.21,132,
665693,Sturnus vulgaris faroensis,Faroe Islands,Nolso,,,,3-Oct-00,1900,,,M,,SKIN,lower tray 360 A 27 - S.v.faroensis,26.12,8.41,20.54,9.15,30.2,131,
665688,Sturnus vulgaris faroensis,Faroe Islands,Nolso,,,,06 Feb 1898,1898,,,M,,SKIN,lower tray 360 A 27 - S.v.faroensis,27.2,8.55,19.68,,30.91,132,beak is open - can't take depth
665689,Sturnus vulgaris faroensis,Faroe Islands,Nolso,,,,3-Oct-00,1900,,,M,,SKIN,lower tray 360 A 27 - S.v.faroensis,25.85,8.32,19.35,8.8,31.89,127,
665695,Sturnus vulgaris faroensis,Faroe Islands,Nolso,,,,05 Dec 1898,1898,,,F,,SKIN,lower tray 360 A 27 - S.v.faroensis,26.95,8.63,19.19,8.02,30.81,135,
665690,Sturnus vulgaris faroensis,Faroe Islands,Nolso,,,Schluter,07 Dec 1898,1898,,,M,,SKIN,lower tray 360 A 27 - S.v.faroensis,26.66,8.7,20.13,,30.64,131,beak is open - can't take depth
GERMANY and other locations ,,,,,,,,,,,,,,,,,,,,,
SKIN 378692,Sturnus vulgaris,Germany,Hesse,,(Sheinhessen),,15-Dec-02,1902,1900,,Male,-14508,,upper middle tray 360 B 3,24.61,6.63,18.28,6.6,28.35,126,
SKIN 378693,Sturnus vulgaris,Germany,Hesse,,(Rosenthal),,19-Apr-00,1900,1900,,Male,-14505,,,,,,,,,
SKIN 378694,Sturnus vulgaris,Germany,Hesse,,(Marburg),,24-May-00,1900,1900,,Male,-14504,,upper middle tray 360 B 3,24.68,7.68,17.35,8.03,30.07,120,
SKIN 378695,Sturnus vulgaris,Germany,Hesse,,(Marburg),,26-May-00,1900,1900,,Female,-14506,,upper middle tray 360 B 3,22.75,7.63,16.56,6.85,26.26,121.5,
SKIN 454299,Sturnus vulgaris vulgaris,Germany,,,"Hainau, Silesia",,,,,,Female,-,,,,,,,,,
SKIN 665567,Sturnus vulgaris vulgaris,Germany,Hessen,,Marburg,,24-Jun-04,1904,,,Male,-,,upper middle tray 360 B 3,24.11,7.9,17.35,6.86,29.64,125.5,
SKIN 665568,Sturnus vulgaris vulgaris,Germany,Hessen,,Marburg,,11-Feb-00,,,,Male,-,,,,,,,,,
SKIN 665569,Sturnus vulgaris vulgaris,Germany,Hessen,,Marburg,,12-Feb-00,,,,Male,-,,,,,,,,,
SKIN 665570,Sturnus vulgaris vulgaris,Germany,Hessen,,Marburg,,11-Feb-00,,,,Female,-,,,,,,,,,
SKIN 665571,Sturnus vulgaris vulgaris,Germany,Hessen,,Marburg,,11-Dec-1899,,,,Male,-,,,,,,,,,
SKIN 665572,Sturnus vulgaris vulgaris,Germany,Hessen,,"Schonstadt, Marburg",,25-Mar-00,,,,Male,-,,,,,,,,,
SKIN 665573,Sturnus vulgaris vulgaris,Germany,Hessen,,"Schonstadt, Marburg",,29-Mar-00,,,,Male,-,,,,,,,,,
SKIN 665574,Sturnus vulgaris vulgaris,Germany,Hessen,,"Schonstadt, Marburg",,11-Feb-00,,,,Male,-,,,,,,,,,
SKIN 665575,Sturnus vulgaris vulgaris,Germany,Hessen,,"Schonstadt, Marburg",,26-Feb-00,,,,Male,-,,,,,,,,,
SKIN 665576,Sturnus vulgaris vulgaris,Germany,Hessen,,"Schonstadt, Marburg",,11-May-1899,1899,1890,,Male,-,,upper middle tray 360 B 3,25.1,6.52,16.96,7.79,30.11,128,
SKIN 665577,Sturnus vulgaris vulgaris,Germany,Hessen,,"Schonstadt, Marburg",,1899,1899,1890,,Male,-,,upper middle tray 360 B 3,24.95,6.75,16.85,8.18,28.49,124,
SKIN 665578,Sturnus vulgaris vulgaris,Germany,Hessen,,"Schonstadt, Marburg",,5-Feb-1899,,,,Female,-,,,,,,,,,
SKIN 665579,Sturnus vulgaris vulgaris,Germany,Hessen,,"Schonstadt, Marburg",,23-Mar-1899,,,,Female,-,,,,,,,,,
SKIN 665580,Sturnus vulgaris vulgaris,Germany,Hessen,,"Schwarzenborn, Marburg",,5-Apr-1899,,,,Male,-,,,,,,,,,
SKIN 665581,Sturnus vulgaris vulgaris,Germany,Hessen,,"Schwarzenborn, Marburg",,9-Feb-1899,,,,Male,-,,,,,,,,,
SKIN 665582,Sturnus vulgaris vulgaris,Germany,Hessen,,"Schwarzenborn, Marburg",,14-Dec-1899,,,,Female,-,,,,,,,,,
SKIN 665583,Sturnus vulgaris vulgaris,Germany,Hessen,,"Schwarzenborn, Marburg",,9-Jan-1899,,,,Female,-,,,,,,,,,
SKIN 665584,Sturnus vulgaris vulgaris,Germany,,,"Schwarzenborn, Marburg",,22-Apr-1899,,,,Female,-,,,,,,,,,
SKIN 665585,Sturnus vulgaris vulgaris,Germany,,,Marburg,,4-Oct-05,,,,Male,-,,,,,,,,,
SKIN 665586,Sturnus vulgaris vulgaris,Germany,,,Rosenthal,,29-Dec-1899,,,,Male,-,,,,,,,,,
SKIN 665587,Sturnus vulgaris vulgaris,Germany,,,Rosenthal,,28-Dec-1899,,,,Female,-,,,,,,,,,
SKIN 665588,Sturnus vulgaris vulgaris,Germany,,,Renthendorf,C. L. Brehm,14-Mar-1847,1847,,,Male,-,,,,,,,,,
SKIN 665589,Sturnus vulgaris vulgaris,Germany,,,Renthendorf,C. L. Brehm,24-Feb-1848,1848,1840,,Male,-,,upper middle tray 360 B 3,25.82,6.94,18.19,7.86,28.09,126,
SKIN 665590,Sturnus vulgaris vulgaris,Germany,,,Renthendorf,C. L. Brehm,9-Apr-1831,1831,,,Male,-,,upper middle tray 360 B 3,23.84,6.99,17.05,8.08,29.43,124.5,
SKIN 665591,Sturnus vulgaris vulgaris,Germany,,,Renthendorf,C. L. Brehm,28-Feb-1838,1838,,,Male,-,,,,,,,,,
SKIN 665592,Sturnus vulgaris vulgaris,Germany,,,Renthendorf,C. L. Brehm,16-Mar-1848,1848,1840,,Male,-,,upper middle tray 360 B 3,25.71,6.85,18.96,6.32,29.74,131,
SKIN 665593,Sturnus vulgaris vulgaris,Germany,,,Renthendorf,C. L. Brehm,26-Feb-1847,1847,,,Male,-,,,,,,,,,
SKIN 665594,Sturnus vulgaris vulgaris,Germany,,,Renthendorf,C. L. Brehm,20-Mar-1817,1817,,,Male,-,,,,,,,,,
SKIN 665595,Sturnus vulgaris vulgaris,Germany,,,Renthendorf,C. L. Brehm,25-Dec-1816,1816,,,Male,-,,,,,,,,,
SKIN 665596,Sturnus vulgaris vulgaris,Germany,,,Renthendorf,C. L. Brehm,8-Mar-1850,1850,,,Male,-,,,,,,,,,
SKIN 665597,Sturnus vulgaris vulgaris,Germany,,,Renthendorf,C. L. Brehm,4-Apr-1829,1829,,,Male,-,,,,,,,,,
SKIN 665598,Sturnus vulgaris vulgaris,Germany,,,Renthendorf,C. L. Brehm,24-May-1861,1861,,,Male,-,,,,,,,,,
SKIN 665599,Sturnus vulgaris vulgaris,Germany,,,Renthendorf,C. L. Brehm,3-Apr-1820,1820,,,Male,-,,,,,,,,,
SKIN 665600,Sturnus vulgaris vulgaris,Germany,,,Renthendorf,C. L. Brehm,4-Apr-1829,1829,,,Male,-,,upper middle tray 360 B 3,25.23,7.29,18.77,7.45,30.32,130.5,
SKIN 665601,Sturnus vulgaris vulgaris,Germany,,,Renthendorf,C. L. Brehm,12-Aug-1850,1850,,,Male,-,,,,,,,,,
SKIN 665602,Sturnus vulgaris vulgaris,Germany,,,Renthendorf,C. L. Brehm,15-Aug-1845,1845,,,Male,-,,,,,,,,,
SKIN 665603,Sturnus vulgaris vulgaris,Germany,,,Renthendorf,C. L. Brehm,10-Aug-1847,1847,,,Male,juvenile,,upper middle tray 360 B 3,measurements not taken ,,,,,,juvenile - measurements not taken 
SKIN 665604,Sturnus vulgaris vulgaris,Germany,,,Renthendorf,C. L. Brehm,14-Jun-1848,1848,,,Male,-,,,,,,,,,
SKIN 665605,Sturnus vulgaris vulgaris,Germany,,,Renthendorf,C. L. Brehm,3-Oct-1837,1837,,,Male,-,,,,,,,,,
SKIN 665606,Sturnus vulgaris vulgaris,Germany,,,Renthendorf,C. L. Brehm,3-Oct-1835,1835,,,Female,-,,,,,,,,,
SKIN 665607,Sturnus vulgaris vulgaris,Germany,,,Renthendorf,C. L. Brehm,12-Apr-1820,1820,,,Male,-,,,,,,,,,
SKIN 665608,Sturnus vulgaris vulgaris,Germany,,,Renthendorf,C. L. Brehm,12-Apr-1820,1820,,,Female,-,,,,,,,,,
SKIN 665609,Sturnus vulgaris vulgaris,Germany,,,Renthendorf,C. L. Brehm,11-Apr-1843,1843,1840,,Male,-,,upper middle tray 360 B 3,23.15,7.06,17.29,7.24,28.53,124,
SKIN 665610,Sturnus vulgaris vulgaris,Germany,,,Renthendorf,C. L. Brehm,11-Apr-1843,1843,1840,,Female,-,,upper middle tray 360 B 3,23.63,6.7,16.87,7.82,28.91,124,
SKIN 665611,Sturnus vulgaris vulgaris,Germany,,,Renthendorf,C. L. Brehm,3-May-1847,1847,1840,,Male,-,,upper middle tray 360 B 3,23.82,7.62,17.4,7.02,28.77,126.5,
SKIN 665612,Sturnus vulgaris vulgaris,Germany,,,Renthendorf,C. L. Brehm,3-May-1847,1847,1840,,Female,-,,upper middle tray 360 B 3,23.47,7.22,17.37,6.41,30.1,127,
SKIN 665613,Sturnus vulgaris vulgaris,Germany,,,Renthendorf,C. L. Brehm,3-Mar-1847,1847,1840,,Male,-,,upper middle tray 360 B 3,23.56,7.22,17.26,7.11,29.56,130,
SKIN 665614,Sturnus vulgaris vulgaris,Germany,,,Renthendorf,C. L. Brehm,3-Mar-1847,1847,1840,,Female,-,,upper middle tray 360 B 3,25.01,7.02,18.53,6.98,29.99,129,
SKIN 665615,Sturnus vulgaris vulgaris,Germany,,,Renthendorf,C. L. Brehm,11-Apr-1848,1848,1840,,Male,-,,upper middle tray 360 B 3,24.19,7.1,17.3,7.55,28.84,126.5,
SKIN 665616,Sturnus vulgaris vulgaris,Germany,,,Renthendorf,C. L. Brehm,11-Apr-1848,1848,1840,,Female,-,,upper middle tray 360 B 3,24.82,6.44,17.37,6.89,27.82,124.5,
SKIN 665617,Sturnus vulgaris vulgaris,Germany,,,Renthendorf,C. L. Brehm,10-Aug-1817,1817,1810,,Male,-,,upper middle tray 360 B 3,23.45,7.58,16.67,7.1,29.64,126,
SKIN 665618,Sturnus vulgaris vulgaris,Germany,,,Renthendorf,C. L. Brehm,10-Aug-1817,1817,1810,,Female,-,,upper middle tray 360 B 3,23.37,7.16,16.92,7.01,29.64,125.5,
SKIN 665619,Sturnus vulgaris vulgaris,Germany,,,Renthendorf,C. L. Brehm,18-Feb-1848,1848,,,Female,-,,,,,,,,,
SKIN 665620,Sturnus vulgaris vulgaris,Germany,,,Renthendorf,C. L. Brehm,12-Aug-1816,1816,1810,,Female,-,,upper middle tray 360 B 3,23.79,5.63,16.98,7.33,27.73,124.5,
SKIN 665621,Sturnus vulgaris vulgaris,Germany,,,Renthendorf,C. L. Brehm,27-Feb-1829,1829,,,Female,-,,,,,,,,,
SKIN 665622,Sturnus vulgaris vulgaris,Germany,,,Renthendorf,C. L. Brehm,9-Apr-1831,1831,,,Female,-,,,,,,,,,
SKIN 665623,Sturnus vulgaris vulgaris,Germany,,,Renthendorf,C. L. Brehm,16-Mar-1848,1848,,,Female,-,,,,,,,,,
SKIN 665624,Sturnus vulgaris vulgaris,Germany,,,Renthendorf,C. L. Brehm,27-Mar-1847,1847,,,Female,-,,,,,,,,,
SKIN 665625,Sturnus vulgaris vulgaris,Germany,,,Renthendorf,C. L. Brehm,3-Mar-1847,1847,,,Female,-,,,,,,,,,
SKIN 665626,Sturnus vulgaris vulgaris,Germany,,,Renthendorf,C. L. Brehm,15-Mar-1838,1838,,,Female,-,,,,,,,,,
SKIN 665627,Sturnus vulgaris vulgaris,Germany,,,Renthendorf,C. L. Brehm,8-Apr-1846,1846,1840,,Female,-,,upper middle tray 360 B 3,24.64,6.97,18.21,7.3,29.66,128.5,
SKIN 665628,Sturnus vulgaris vulgaris,Germany,,,Renthendorf,C. L. Brehm,22-Apr-1829,1829,1820,,Female,-,,upper middle tray 360 B 3,24.94,6.74,18.84,7.39,28.84,124.5,
SKIN 665629,Sturnus vulgaris vulgaris,Germany,,,Renthendorf,C. L. Brehm,29-Apr-1850,1850,1850,,Female,-,,upper middle tray 360 B 3,23.95,7.01,16.45,7.36,29.26,127.5,
SKIN 665630,Sturnus vulgaris vulgaris,Germany,,,Renthendorf,C. L. Brehm,12-Jul-1816,1816,1810,,Female,-,,upper middle tray 360 B 3,24.59,7.43,17.24,6.72,29.73,125,
SKIN 665631,Sturnus vulgaris vulgaris,Germany,,,Renthendorf,C. L. Brehm,13-Jun-1829,1829,1820,,Female,-,,upper middle tray 360 B 3,24.56,7.52,17.23,7.67,28.51,129,
SKIN 665632,Sturnus vulgaris vulgaris,Germany,,,"Bollwerk, Nr. Renthendorf",C. L. Brehm,15-Mar-1847,1847,,,Female,-,,,,,,,,,
SKIN 665633,Sturnus vulgaris vulgaris,Germany,,,Rodathal,C. L. Brehm,28-Mar-1833,1833,,,Male,-,,,,,,,,,
SKIN 665634,Sturnus vulgaris vulgaris,Germany,,,Rodathal,C. L. Brehm,20-Apr-1845,1845,1840,,Male,-,,upper middle tray 360 B 3,23.76,7.53,17.65,7.09,29.72,130,
SKIN 665635,Sturnus vulgaris vulgaris,Germany,,,Rodathal,C. L. Brehm,20-Apr-1845,1845,1840,,Female,-,,upper middle tray 360 B 3,23.3,6.62,16.62,7.05,28.2,124,
SKIN 665636,Sturnus vulgaris vulgaris,Germany,,,Rodathal,C. L. Brehm,28-Mar-1833,1833,1830,,Female,-,,upper middle tray 360 B 3,24.85,6.41,17.55,7.4,29.77,122,
SKIN 665637,Sturnus vulgaris vulgaris,Germany,,,Sandersleben,C. L. Brehm,3-Jul-1847,1847,,,Male,-,,,,,,,,,
SKIN 665638,Sturnus vulgaris vulgaris,Germany,,,Sandersleben,C. L. Brehm,17-Jul-1846,1846,,,Male,-,,,,,,,,,
SKIN 665639,Sturnus vulgaris vulgaris,Germany,,,Klagenfurth,von Hueber,20-Apr-1837,1837,,,Male,-,,,,,,,,,
SKIN 665640,Sturnus vulgaris vulgaris,Germany,,,Klagenfurth,von Hueber,20-Apr-1837,1837,,,Female,-,,,,,,,,,
SKIN 665641,Sturnus vulgaris vulgaris,Germany,,,"Klingenbad, Burgan in Bayern",L. Landbeck,1-Aug-1846,1846,1840,,M,-,,upper middle tray 360 B 3,23.02,6.99,17.08,6.41,30.64,128,
SKIN 665642,Sturnus vulgaris vulgaris,Germany,,,Erzgebirge,,3-Sep-1845,1845,,,Female,-,,,,,,,,,
SKIN 665643,Sturnus vulgaris vulgaris,Germany,,,Sachsen,,27-Mar-1892,1892,1890,,unknown ,-,,upper middle tray 360 B 3,measurements not taken ,,,,,,"Beak broken, sex missing measurements not taken "
SKIN 665644,Sturnus vulgaris vulgaris,Germany,E. Prussia,,Shaisgirren,A. Sondermann,7-Apr-1896,1896,,,Male,-,,,,,,,,,
SKIN 665645,Sturnus vulgaris vulgaris,Germany,E. Prussia,,Shaisgirren,A. Sondermann,30-Sep-1895,1895,1890,,Male,-,,upper middle tray 360 B 3,26.22,7.24,19.75,7.6,31.97,128,
SKIN 665646,Sturnus vulgaris vulgaris,Germany,E. Prussia,,Shaisgirren,A. Sondermann,8-Oct-1895,1895,1890,,Male,-,,upper middle tray 360 B 3,23.53,6.92,19.08,7.07,29.3,130,
SKIN 665647,Sturnus vulgaris vulgaris,Germany,E. Prussia,,Shaisgirren,A. Sondermann,6-Oct-1895,1895,1890,,Male,-,,upper middle tray 360 B 3,24.72,6.34,19.04,7.17,30.68,132,
SKIN 665648,Sturnus vulgaris vulgaris,Germany,E. Prussia,,Shaisgirren,A. Sondermann,11-Sep-1895,1895,1890,,Male,-,,upper middle tray 360 B 3,24.58,7.21,18.11,7.44,30.31,130.5,
SKIN 665649,Sturnus vulgaris vulgaris,Germany,E. Prussia,,Shaisgirren,A. Sondermann,30-Mar-1896,1896,1890,,Male,-,,upper middle tray 360 B 3,25,7.24,19.12,7.93,31.24,130.5,
SKIN 665650,Sturnus vulgaris vulgaris,Germany,E. Prussia,,Shaisgirren,A. Sondermann,27-Mar-1897,1897,1890,,Male,-,,upper middle tray 360 B 3,24.29,8.08,19.23,7.72,30.35,126,
SKIN 665651,Sturnus vulgaris vulgaris,Germany,E. Prussia,,Shaisgirren,A. Sondermann,29-Apr-1895,1895,,,Male,-,,,,,,,,,
SKIN 665652,Sturnus vulgaris vulgaris,Germany,E. Prussia,,Shaisgirren,A. Sondermann,11-Sep-1895,1895,1890,,Female,-,,upper middle tray 360 B 3,24.38,7.27,19.13,7.48,30.71,132,
SKIN 787783,Sturnus vulgaris vulgaris,Germany,,,"Kottenforst, nr. Bonn",Niethammer,6-Apr-61,1961,,,Male,-,,,,,,,,,
SKIN 665653,Sturnus vulgaris vulgaris,Germany?,,,,,no date/ did not collect data,,,,,-,,,,,,,,,
SKIN 665657,Sturnus vulgaris vulgaris,Latvia,,,Lisden,H. B. London,11-Sep-09,1909,,,Male,,,upper middle tray 360 B 3,23.43,7.09,16.83,6.95,28.76,126,
SKIN 665658,Sturnus vulgaris vulgaris,Latvia,,,Lisden,H. B. London,11-Sep-09,1909,,,Male,,,,,,,,,,
SKIN 665659,Sturnus vulgaris vulgaris,Latvia,,,Lisden,H. B. London,14-Oct-09,1909,,,Male,,,upper middle tray 360 B 3,24.01,7.41,16.51,7.42,28.69,127,
SKIN 665660,Sturnus vulgaris vulgaris,Latvia,,,Lisden,H. B. London,1-Sep-09,1909,,,Male,,,,,,,,,,
SKIN 665661,Sturnus vulgaris vulgaris,Latvia,,,Lisden,H. B. London,2-Apr-02,1902,,,Male,,,,,,,,,,
SKIN 665662,Sturnus vulgaris vulgaris,Latvia,,,Lisden,H. B. London,2-Apr-02,1902,,,Female,,,,,,,,,,
SKIN 665663,Sturnus vulgaris vulgaris,Latvia,,,Samhof,H. B. London,2-Apr-1897,1897,,,Female,,,,,,,,,,
SKIN 665664,Sturnus vulgaris vulgaris,Latvia,,,Samhof,H. B. London,2-Apr-1897,1897,,,Female,,,,,,,,,,
SKIN 665665,Sturnus vulgaris vulgaris,Latvia,,,Samhof,H. B. London,6-Aug-1897,1897,,,Female,,,,,,,,,,
SKIN 665656,Sturnus vulgaris vulgaris,Sweden,,,"Nerike, Hasselfars",A. H. Christiernsson,8-Apr-1876,1876,,,M,,-,upper middle tray 360 B 3,27.17,7.32,19.58,8.88,29.43,131.5,
SKIN 786301,Sturnus vulgaris,Romina,,,Pinganati,D. Munteanu,23-Apr-65,1965,,,Female,,-,upper middle tray 360 B 3,25.06,6.26,18.77,6.53,29.57,129,