,,Museum,,Species,Phylum,Class,Order,Family,Collector,Continent,Country,State,Locality,Sex,,,,,Date,Location_in_collections ,Beak_length_mm,Beak_width_ventral_base_mm,Anterior_nostril_tip_mm,Beak_depth_mm,Tarsus_length_mm,Wing_chord_mm,Notes
310069,1563290,FMNH,Birds,Sturnus vulgaris vulgaris,Chordata,Aves,Passeriformes,Sturnidae,A. B. Meyer,Europe,Germany,Saxony,Dresden,,No,1563290,skin(r),skull | Weight | Fat | Tissue | Molt | Gonads | Stomach Contents| Iris Color | Upper Mandible Color | Lower Mandible Color | Tarsus Color,Oct 1889,"cabinet 478, shelf 7th from top",22.68,6.88,15.79,7.32,26.82,132,
54360,772059,FMNH,Birds,Sturnus vulgaris vulgaris,Chordata,Aves,Passeriformes,Sturnidae,A. Fischer,Europe,Germany,Bavaria,Prittriching,Male,No,772059,skin(r),skull | Weight | Fat | Tissue | Molt | Gonads | Stomach Contents| Iris Color | Upper Mandible Color | Lower Mandible Color | Tarsus Color | Tarsus Color,"Sunday, February 28, 2016",,,,,,,,
54361,772060,FMNH,Birds,Sturnus vulgaris vulgaris,Chordata,Aves,Passeriformes,Sturnidae,A. Fischer,Europe,Germany,Bavaria,Thierhaupten,,No,772060,skin(r),skull | Weight | Fat | Tissue | Molt | Gonads | Stomach Contents| Iris Color | Upper Mandible Color | Lower Mandible Color | Tarsus Color | Tarsus Color,"Sunday, September 19, 2021",,,,,,,,
54362,772061,FMNH,Birds,Sturnus vulgaris vulgaris,Chordata,Aves,Passeriformes,Sturnidae,A. Fischer,Europe,Germany,Bavaria,Thierhaupten,Male,No,772061,skin(r),skull | Weight | Fat | Tissue | Molt | Gonads | Stomach Contents| Iris Color | Upper Mandible Color | Lower Mandible Color | Tarsus Color | Tarsus Color,"Sunday, September 19, 2021",,,,,,,,
54363,772062,FMNH,Birds,Sturnus vulgaris vulgaris,Chordata,Aves,Passeriformes,Sturnidae,A. Fischer,Europe,Germany,Bavaria,Thierhaupten,Female,No,772062,skin(r),skull | Weight | Fat | Tissue | Molt | Gonads | Stomach Contents| Iris Color | Upper Mandible Color | Lower Mandible Color | Tarsus Color | Tarsus Color,"Sunday, September 19, 2021",,,,,,,,
54364,772063,FMNH,Birds,Sturnus vulgaris vulgaris,Chordata,Aves,Passeriformes,Sturnidae,A. Fischer,Europe,Germany,Bavaria,Schwabhof,Male,No,772063,skin(r),skull | Weight | Fat | Tissue | Molt | Gonads | Stomach Contents| Iris Color | Upper Mandible Color | Lower Mandible Color | Tarsus Color | Tarsus Color,"Thursday, August 3, 2006",,,,,,,,
54365,772064,FMNH,Birds,Sturnus vulgaris vulgaris,Chordata,Aves,Passeriformes,Sturnidae,A. Fischer,Europe,Germany,Bavaria,Burgwalden,Male,No,772064,skin(r),skull | Weight | Fat | Tissue | Molt | Gonads | Stomach Contents| Iris Color | Upper Mandible Color | Lower Mandible Color | Tarsus Color | Tarsus Color,"Sunday, May 2, 2021",,,,,,,,
54366,772065,FMNH,Birds,Sturnus vulgaris vulgaris,Chordata,Aves,Passeriformes,Sturnidae,A. Fischer,Europe,Germany,Bavaria,Horgau,Female,No,772065,skin(r),skull | Weight | Fat | Tissue | Molt | Gonads | Stomach Contents| Iris Color | Upper Mandible Color | Lower Mandible Color | Tarsus Color | Tarsus Color,"Friday, March 16, 2012",,,,,,,,
54367,772066,FMNH,Birds,Sturnus vulgaris vulgaris,Chordata,Aves,Passeriformes,Sturnidae,A. Fischer,Europe,Germany,Bavaria,Gundelsdorf,Female,No,772066,skin(r),skull | Weight | Fat | Tissue | Molt | Gonads | Stomach Contents| Iris Color | Upper Mandible Color | Lower Mandible Color | Tarsus Color | Tarsus Color,"Sunday, March 3, 2019",,,,,,,,
54368,772067,FMNH,Birds,Sturnus vulgaris vulgaris,Chordata,Aves,Passeriformes,Sturnidae,A. Fischer,Europe,Germany,Bavaria,Gundelsdorf,Male,No,772067,skin(r),skull | Weight | Fat | Tissue | Molt | Gonads | Stomach Contents| Iris Color | Upper Mandible Color | Lower Mandible Color | Tarsus Color | Tarsus Color,"Sunday, March 11, 2012",,,,,,,,
54369,772068,FMNH,Birds,Sturnus vulgaris vulgaris,Chordata,Aves,Passeriformes,Sturnidae,A. Fischer,Europe,Germany,Bavaria,Rain Lech,,No,772068,skin(r),skull | Weight | Fat | Tissue | Molt | Gonads | Stomach Contents| Iris Color | Upper Mandible Color | Lower Mandible Color | Tarsus Color | Tarsus Color,"Monday, September 15, 2008",,,,,,,,
54370,772069,FMNH,Birds,Sturnus vulgaris vulgaris,Chordata,Aves,Passeriformes,Sturnidae,A. Fischer,Europe,Germany,Bavaria,Rain Lech,,No,772069,skin(r),skull | Weight | Fat | Tissue | Molt | Gonads | Stomach Contents| Iris Color | Upper Mandible Color | Lower Mandible Color | Tarsus Color | Tarsus Color,"Friday, August 16, 2002",,,,,,,,
54371,772070,FMNH,Birds,Sturnus vulgaris vulgaris,Chordata,Aves,Passeriformes,Sturnidae,A. Fischer,Europe,Germany,Bavaria,Rain Lech,Male,No,772070,skin(r),skull | Weight | Fat | Tissue | Molt | Gonads | Stomach Contents| Iris Color | Upper Mandible Color | Lower Mandible Color | Tarsus Color | Tarsus Color,"Sunday, September 15, 2002",,,,,,,,
54372,772071,FMNH,Birds,Sturnus vulgaris vulgaris,Chordata,Aves,Passeriformes,Sturnidae,A. Fischer,Europe,Germany,Bavaria,Augsburg,Female,No,772071,skin(r),skull | Weight | Fat | Tissue | Molt | Gonads | Stomach Contents| Iris Color | Upper Mandible Color | Lower Mandible Color | Tarsus Color | Tarsus Color,"Wednesday, September 21, 2016",,,,,,,,
54373,772072,FMNH,Birds,Sturnus vulgaris vulgaris,Chordata,Aves,Passeriformes,Sturnidae,A. Fischer,Europe,Germany,Bavaria,Augsburg,Male,No,772072,skin(r),skull | Weight | Fat | Tissue | Molt | Gonads | Stomach Contents| Iris Color | Upper Mandible Color | Lower Mandible Color | Tarsus Color | Tarsus Color,"Wednesday, October 16, 2019",,,,,,,,
54374,772073,FMNH,Birds,Sturnus vulgaris vulgaris,Chordata,Aves,Passeriformes,Sturnidae,A. Fischer,Europe,Germany,Bavaria,Augsburg,Female,No,772073,skin(r),skull | Weight | Fat | Tissue | Molt | Gonads | Stomach Contents| Iris Color | Upper Mandible Color | Lower Mandible Color | Tarsus Color | Tarsus Color,"Friday, October 28, 2016",,,,,,,,
54375,772074,FMNH,Birds,Sturnus vulgaris vulgaris,Chordata,Aves,Passeriformes,Sturnidae,A. Fischer,Europe,Germany,Bavaria,Augsburg,Female,No,772074,skin(r),skull | Weight | Fat | Tissue | Molt | Gonads | Stomach Contents| Iris Color | Upper Mandible Color | Lower Mandible Color | Tarsus Color | Tarsus Color,"Friday, October 11, 2013",,,,,,,,
54376,772075,FMNH,Birds,Sturnus vulgaris vulgaris,Chordata,Aves,Passeriformes,Sturnidae,A. Fischer,Europe,Germany,Bavaria,Augsburg,Female,No,772075,skin(r),skull | Weight | Fat | Tissue | Molt | Gonads | Stomach Contents| Iris Color | Upper Mandible Color | Lower Mandible Color | Tarsus Color | Tarsus Color,"Sunday, May 24, 2020",,,,,,,,
54377,772076,FMNH,Birds,Sturnus vulgaris vulgaris,Chordata,Aves,Passeriformes,Sturnidae,A. Fischer,Europe,Germany,Bavaria,Augsburg,Female,No,772076,skin(r),skull | Weight | Fat | Tissue | Molt | Gonads | Stomach Contents| Iris Color | Upper Mandible Color | Lower Mandible Color | Tarsus Color | Tarsus Color,"Thursday, March 9, 2017",,,,,,,,
54378,772077,FMNH,Birds,Sturnus vulgaris vulgaris,Chordata,Aves,Passeriformes,Sturnidae,A. Fischer,Europe,Germany,Bavaria,Augsburg,Female,No,772077,skin(r),skull | Weight | Fat | Tissue | Molt | Gonads | Stomach Contents| Iris Color | Upper Mandible Color | Lower Mandible Color | Tarsus Color | Tarsus Color,"Wednesday, October 16, 2019",,,,,,,,
54379,772078,FMNH,Birds,Sturnus vulgaris vulgaris,Chordata,Aves,Passeriformes,Sturnidae,A. Fischer,Europe,Germany,Bavaria,Augsburg,Male,No,772078,skin(r),skull | Weight | Fat | Tissue | Molt | Gonads | Stomach Contents| Iris Color | Upper Mandible Color | Lower Mandible Color | Tarsus Color | Tarsus Color,"Friday, August 26, 2016",,,,,,,,
54380,772079,FMNH,Birds,Sturnus vulgaris vulgaris,Chordata,Aves,Passeriformes,Sturnidae,A. Fischer,Europe,Germany,Bavaria,Augsburg,Female,No,772079,skin(r),skull | Weight | Fat | Tissue | Molt | Gonads | Stomach Contents| Iris Color | Upper Mandible Color | Lower Mandible Color | Tarsus Color | Tarsus Color,"Wednesday, October 16, 2019",,,,,,,,
54381,772080,FMNH,Birds,Sturnus vulgaris vulgaris,Chordata,Aves,Passeriformes,Sturnidae,A. Fischer,Europe,Germany,Bavaria,Augsburg,Female,No,772080,skin(r),skull | Weight | Fat | Tissue | Molt | Gonads | Stomach Contents| Iris Color | Upper Mandible Color | Lower Mandible Color | Tarsus Color | Tarsus Color,"Saturday, September 15, 2018",,,,,,,,
54382,772081,FMNH,Birds,Sturnus vulgaris vulgaris,Chordata,Aves,Passeriformes,Sturnidae,A. Fischer,Europe,Germany,Bavaria,Augsburg,Female,No,772081,skin(r),skull | Weight | Fat | Tissue | Molt | Gonads | Stomach Contents| Iris Color | Upper Mandible Color | Lower Mandible Color | Tarsus Color | Tarsus Color,"Saturday, October 5, 2019",,,,,,,,
54383,772082,FMNH,Birds,Sturnus vulgaris vulgaris,Chordata,Aves,Passeriformes,Sturnidae,A. Fischer,Europe,Germany,Bavaria,Augsburg,Male,No,772082,skin(r),skull | Weight | Fat | Tissue | Molt | Gonads | Stomach Contents| Iris Color | Upper Mandible Color | Lower Mandible Color | Tarsus Color | Tarsus Color,"Wednesday, August 21, 2019",,,,,,,,
54384,772083,FMNH,Birds,Sturnus vulgaris vulgaris,Chordata,Aves,Passeriformes,Sturnidae,A. Fischer,Europe,Germany,Bavaria,Augsburg,Male,No,772083,skin(r),skull | Weight | Fat | Tissue | Molt | Gonads | Stomach Contents| Iris Color | Upper Mandible Color | Lower Mandible Color | Tarsus Color | Tarsus Color,"Monday, August 26, 2019",,,,,,,,
54385,772084,FMNH,Birds,Sturnus vulgaris vulgaris,Chordata,Aves,Passeriformes,Sturnidae,A. Fischer,Europe,Germany,Bavaria,Augsburg,Female,No,772084,skin(r),skull | Weight | Fat | Tissue | Molt | Gonads | Stomach Contents| Iris Color | Upper Mandible Color | Lower Mandible Color | Tarsus Color | Tarsus Color,"Wednesday, October 16, 2019",,,,,,,,
54386,772085,FMNH,Birds,Sturnus vulgaris vulgaris,Chordata,Aves,Passeriformes,Sturnidae,A. Fischer,Europe,Germany,Bavaria,Augsburg,Female,No,772085,skin(r),skull | Weight | Fat | Tissue | Molt | Gonads | Stomach Contents| Iris Color | Upper Mandible Color | Lower Mandible Color | Tarsus Color | Tarsus Color,"Friday, August 26, 2016",,,,,,,,
54387,772086,FMNH,Birds,Sturnus vulgaris vulgaris,Chordata,Aves,Passeriformes,Sturnidae,A. Fischer,Europe,Germany,Bavaria,Augsburg,Female,No,772086,skin(r),skull | Weight | Fat | Tissue | Molt | Gonads | Stomach Contents| Iris Color | Upper Mandible Color | Lower Mandible Color | Tarsus Color | Tarsus Color,"Wednesday, October 16, 2019",,,,,,,,
54388,772087,FMNH,Birds,Sturnus vulgaris vulgaris,Chordata,Aves,Passeriformes,Sturnidae,A. Fischer,Europe,Germany,Bavaria,Augsburg,Female,No,772087,skin(r),skull | Weight | Fat | Tissue | Molt | Gonads | Stomach Contents| Iris Color | Upper Mandible Color | Lower Mandible Color | Tarsus Color | Tarsus Color,"Friday, September 30, 2016",,,,,,,,
54389,772088,FMNH,Birds,Sturnus vulgaris vulgaris,Chordata,Aves,Passeriformes,Sturnidae,A. Fischer,Europe,Germany,Bavaria,Augsburg,Male,No,772088,skin(r),skull | Weight | Fat | Tissue | Molt | Gonads | Stomach Contents| Iris Color | Upper Mandible Color | Lower Mandible Color | Tarsus Color | Tarsus Color,"Saturday, August 3, 2019",,,,,,,,
54391,772090,FMNH,Birds,Sturnus vulgaris vulgaris,Chordata,Aves,Passeriformes,Sturnidae,A. Fischer,Europe,Germany,Bavaria,Augsburg,Male,No,772090,skin(r),skull | Weight | Fat | Tissue | Molt | Gonads | Stomach Contents| Iris Color | Upper Mandible Color | Lower Mandible Color | Tarsus Color | Tarsus Color,"Saturday, August 3, 2019",,,,,,,,
54392,772091,FMNH,Birds,Sturnus vulgaris vulgaris,Chordata,Aves,Passeriformes,Sturnidae,A. Fischer,Europe,Germany,Bavaria,Augsburg,Female,No,772091,skin(r),skull | Weight | Fat | Tissue | Molt | Gonads | Stomach Contents| Iris Color | Upper Mandible Color | Lower Mandible Color | Tarsus Color | Tarsus Color,"Saturday, October 6, 2018",,,,,,,,
54393,772092,FMNH,Birds,Sturnus vulgaris vulgaris,Chordata,Aves,Passeriformes,Sturnidae,A. Fischer,Europe,Germany,Bavaria,Augsburg,Male,No,772092,skin(r),skull | Weight | Fat | Tissue | Molt | Gonads | Stomach Contents| Iris Color | Upper Mandible Color | Lower Mandible Color | Tarsus Color | Tarsus Color,"Friday, July 6, 2018",,,,,,,,
54395,772094,FMNH,Birds,Sturnus vulgaris vulgaris,Chordata,Aves,Passeriformes,Sturnidae,A. Fischer,Europe,Germany,Bavaria,Augsburg,Female,No,772094,skin(r),skull | Weight | Fat | Tissue | Molt | Gonads | Stomach Contents| Iris Color | Upper Mandible Color | Lower Mandible Color | Tarsus Color | Tarsus Color,"Saturday, October 5, 2019",,,,,,,,
54397,772096,FMNH,Birds,Sturnus vulgaris vulgaris,Chordata,Aves,Passeriformes,Sturnidae,A. Fischer,Europe,Germany,Bavaria,Augsburg,Male,No,772096,skin(r),skull | Weight | Fat | Tissue | Molt | Gonads | Stomach Contents| Iris Color | Upper Mandible Color | Lower Mandible Color | Tarsus Color | Tarsus Color,"Friday, August 26, 2016",,,,,,,,
54398,772097,FMNH,Birds,Sturnus vulgaris vulgaris,Chordata,Aves,Passeriformes,Sturnidae,A. Fischer,Europe,Germany,Bavaria,Augsburg,Female,No,772097,skin(r),skull | Weight | Fat | Tissue | Molt | Gonads | Stomach Contents| Iris Color | Upper Mandible Color | Lower Mandible Color | Tarsus Color | Tarsus Color,"Friday, August 26, 2016",,,,,,,,
54399,772098,FMNH,Birds,Sturnus vulgaris vulgaris,Chordata,Aves,Passeriformes,Sturnidae,A. Fischer,Europe,Germany,Bavaria,Augsburg,Female,No,772098,skin(r),skull | Weight | Fat | Tissue | Molt | Gonads | Stomach Contents| Iris Color | Upper Mandible Color | Lower Mandible Color | Tarsus Color | Tarsus Color,"Saturday, October 5, 2019",,,,,,,,
54400,772099,FMNH,Birds,Sturnus vulgaris vulgaris,Chordata,Aves,Passeriformes,Sturnidae,A. Fischer,Europe,Germany,Bavaria,Augsburg,Male,No,772099,skin(r),skull | Weight | Fat | Tissue | Molt | Gonads | Stomach Contents| Iris Color | Upper Mandible Color | Lower Mandible Color | Tarsus Color | Tarsus Color,"Wednesday, October 16, 2019",,,,,,,,
54402,772101,FMNH,Birds,Sturnus vulgaris vulgaris,Chordata,Aves,Passeriformes,Sturnidae,A. Fischer,Europe,Germany,Bavaria,Augsburg,Male,No,772101,skin(r),skull | Weight | Fat | Tissue | Molt | Gonads | Stomach Contents| Iris Color | Upper Mandible Color | Lower Mandible Color | Tarsus Color | Tarsus Color,"Wednesday, October 16, 2019",,,,,,,,
54403,772102,FMNH,Birds,Sturnus vulgaris vulgaris,Chordata,Aves,Passeriformes,Sturnidae,A. Fischer,Europe,Germany,Bavaria,Thierhaupten,,No,772102,skin(r),skull | Weight | Fat | Tissue | Molt | Gonads | Stomach Contents| Iris Color | Upper Mandible Color | Lower Mandible Color | Tarsus Color | Tarsus Color,"Sunday, September 19, 2021",,,,,,,,
54404,772103,FMNH,Birds,Sturnus vulgaris vulgaris,Chordata,Aves,Passeriformes,Sturnidae,A. Fischer,Europe,Germany,Bavaria,Rottach-Egern,Female,No,772103,skin(r),skull | Weight | Fat | Tissue | Molt | Gonads | Stomach Contents| Iris Color | Upper Mandible Color | Lower Mandible Color | Tarsus Color | Tarsus Color,"Friday, March 25, 2005",,,,,,,,
54405,772104,FMNH,Birds,Sturnus vulgaris vulgaris,Chordata,Aves,Passeriformes,Sturnidae,A. Fischer,Europe,Germany,Bavaria,Auerbach,Female,No,772104,skin(r),skull | Weight | Fat | Tissue | Molt | Gonads | Stomach Contents| Iris Color | Upper Mandible Color | Lower Mandible Color | Tarsus Color | Tarsus Color,"Sunday, April 13, 2014",,,,,,,,
54406,772105,FMNH,Birds,Sturnus vulgaris vulgaris,Chordata,Aves,Passeriformes,Sturnidae,A. Fischer,Europe,Germany,Bavaria,Gundelsdorf,Female,No,772105,skin(r),skull | Weight | Fat | Tissue | Molt | Gonads | Stomach Contents| Iris Color | Upper Mandible Color | Lower Mandible Color | Tarsus Color | Tarsus Color,"Wednesday, April 4, 2012",,,,,,,,
54407,772106,FMNH,Birds,Sturnus vulgaris vulgaris,Chordata,Aves,Passeriformes,Sturnidae,A. Fischer,Europe,Germany,Bavaria,Burgwalden,Male,No,772106,skin(r),skull | Weight | Fat | Tissue | Molt | Gonads | Stomach Contents| Iris Color | Upper Mandible Color | Lower Mandible Color | Tarsus Color | Tarsus Color,"Wednesday, September 8, 2021",,,,,,,,
54408,772107,FMNH,Birds,Sturnus vulgaris vulgaris,Chordata,Aves,Passeriformes,Sturnidae,A. Fischer,Europe,Germany,Bavaria,Lauingen,Female,No,772107,skin(r),skull | Weight | Fat | Tissue | Molt | Gonads | Stomach Contents| Iris Color | Upper Mandible Color | Lower Mandible Color | Tarsus Color | Tarsus Color,"Monday, April 22, 2019",,,,,,,,
54409,772108,FMNH,Birds,Sturnus vulgaris vulgaris,Chordata,Aves,Passeriformes,Sturnidae,A. Fischer,Europe,Germany,Bavaria,Rain Lech,,No,772108,skin(r),skull | Weight | Fat | Tissue | Molt | Gonads | Stomach Contents| Iris Color | Upper Mandible Color | Lower Mandible Color | Tarsus Color | Tarsus Color,"Monday, September 15, 2008",,,,,,,,
54410,772109,FMNH,Birds,Sturnus vulgaris vulgaris,Chordata,Aves,Passeriformes,Sturnidae,A. Fischer,Europe,Germany,Bavaria,Rain Lech,,No,772109,skin(r),skull | Weight | Fat | Tissue | Molt | Gonads | Stomach Contents| Iris Color | Upper Mandible Color | Lower Mandible Color | Tarsus Color | Tarsus Color,"Monday, September 15, 2008",,,,,,,,
54411,772110,FMNH,Birds,Sturnus vulgaris vulgaris,Chordata,Aves,Passeriformes,Sturnidae,A. Fischer,Europe,Germany,Bavaria,Augsburg,Male,No,772110,skin(r),skull | Weight | Fat | Tissue | Molt | Gonads | Stomach Contents| Iris Color | Upper Mandible Color | Lower Mandible Color | Tarsus Color | Tarsus Color,"Monday, September 19, 2011",,,,,,,,
54412,772111,FMNH,Birds,Sturnus vulgaris vulgaris,Chordata,Aves,Passeriformes,Sturnidae,A. Fischer,Europe,Germany,Bavaria,Augsburg,Male,No,772111,skin(r),skull | Weight | Fat | Tissue | Molt | Gonads | Stomach Contents| Iris Color | Upper Mandible Color | Lower Mandible Color | Tarsus Color | Tarsus Color,"Saturday, October 5, 2019",,,,,,,,
54413,772112,FMNH,Birds,Sturnus vulgaris vulgaris,Chordata,Aves,Passeriformes,Sturnidae,A. Fischer,Europe,Germany,Bavaria,Augsburg,Female,No,772112,skin(r),skull | Weight | Fat | Tissue | Molt | Gonads | Stomach Contents| Iris Color | Upper Mandible Color | Lower Mandible Color | Tarsus Color | Tarsus Color,"Tuesday, September 21, 2021",,,,,,,,
54414,772113,FMNH,Birds,Sturnus vulgaris vulgaris,Chordata,Aves,Passeriformes,Sturnidae,A. Fischer,Europe,Germany,Bavaria,Augsburg,Female,No,772113,skin(r),skull | Weight | Fat | Tissue | Molt | Gonads | Stomach Contents| Iris Color | Upper Mandible Color | Lower Mandible Color | Tarsus Color | Tarsus Color,"Tuesday, July 3, 2018",,,,,,,,
54415,772114,FMNH,Birds,Sturnus vulgaris vulgaris,Chordata,Aves,Passeriformes,Sturnidae,A. Fischer,Europe,Germany,Bavaria,Augsburg,Male,No,772114,skin(r),skull | Weight | Fat | Tissue | Molt | Gonads | Stomach Contents| Iris Color | Upper Mandible Color | Lower Mandible Color | Tarsus Color | Tarsus Color,"Wednesday, October 16, 2019",,,,,,,,
54416,772115,FMNH,Birds,Sturnus vulgaris vulgaris,Chordata,Aves,Passeriformes,Sturnidae,A. Fischer,Europe,Germany,Bavaria,Augsburg,Male,No,772115,skin(r),skull | Weight | Fat | Tissue | Molt | Gonads | Stomach Contents| Iris Color | Upper Mandible Color | Lower Mandible Color | Tarsus Color | Tarsus Color,"Saturday, October 5, 2019",,,,,,,,
54417,772116,FMNH,Birds,Sturnus vulgaris vulgaris,Chordata,Aves,Passeriformes,Sturnidae,A. Fischer,Europe,Germany,Bavaria,Augsburg,Female,No,772116,skin(r),skull | Weight | Fat | Tissue | Molt | Gonads | Stomach Contents| Iris Color | Upper Mandible Color | Lower Mandible Color | Tarsus Color | Tarsus Color,"Friday, October 28, 2016",,,,,,,,
54418,772117,FMNH,Birds,Sturnus vulgaris vulgaris,Chordata,Aves,Passeriformes,Sturnidae,A. Fischer,Europe,Germany,Bavaria,Augsburg,Male,No,772117,skin(r),skull | Weight | Fat | Tissue | Molt | Gonads | Stomach Contents| Iris Color | Upper Mandible Color | Lower Mandible Color | Tarsus Color | Tarsus Color,"Saturday, October 5, 2019",,,,,,,,
54419,772118,FMNH,Birds,Sturnus vulgaris vulgaris,Chordata,Aves,Passeriformes,Sturnidae,A. Fischer,Europe,Germany,Bavaria,Augsburg,Male,No,772118,skin(r),skull | Weight | Fat | Tissue | Molt | Gonads | Stomach Contents| Iris Color | Upper Mandible Color | Lower Mandible Color | Tarsus Color | Tarsus Color,"Saturday, October 5, 2019",,,,,,,,
54420,772119,FMNH,Birds,Sturnus vulgaris vulgaris,Chordata,Aves,Passeriformes,Sturnidae,A. Fischer,Europe,Germany,Bavaria,Augsburg,Female,No,772119,skin(r),skull | Weight | Fat | Tissue | Molt | Gonads | Stomach Contents| Iris Color | Upper Mandible Color | Lower Mandible Color | Tarsus Color | Tarsus Color,"Wednesday, October 16, 2019",,,,,,,,
54421,772120,FMNH,Birds,Sturnus vulgaris vulgaris,Chordata,Aves,Passeriformes,Sturnidae,A. Fischer,Europe,Germany,Bavaria,Augsburg,Male,No,772120,skin(r),skull | Weight | Fat | Tissue | Molt | Gonads | Stomach Contents| Iris Color | Upper Mandible Color | Lower Mandible Color | Tarsus Color | Tarsus Color,"Tuesday, July 3, 2018",,,,,,,,
54423,772122,FMNH,Birds,Sturnus vulgaris vulgaris,Chordata,Aves,Passeriformes,Sturnidae,A. Fischer,Europe,Germany,Bavaria,Augsburg,Male,No,772122,skin(r),skull | Weight | Fat | Tissue | Molt | Gonads | Stomach Contents| Iris Color | Upper Mandible Color | Lower Mandible Color | Tarsus Color | Tarsus Color,"Saturday, August 3, 2019",,,,,,,,
54424,772123,FMNH,Birds,Sturnus vulgaris vulgaris,Chordata,Aves,Passeriformes,Sturnidae,A. Fischer,Europe,Germany,Bavaria,Augsburg,Female,No,772123,skin(r),skull | Weight | Fat | Tissue | Molt | Gonads | Stomach Contents| Iris Color | Upper Mandible Color | Lower Mandible Color | Tarsus Color | Tarsus Color,"Sunday, October 6, 2019",,,,,,,,
54425,772124,FMNH,Birds,Sturnus vulgaris vulgaris,Chordata,Aves,Passeriformes,Sturnidae,A. Fischer,Europe,Germany,Bavaria,Augsburg,Female,No,772124,skin(r),skull | Weight | Fat | Tissue | Molt | Gonads | Stomach Contents| Iris Color | Upper Mandible Color | Lower Mandible Color | Tarsus Color | Tarsus Color,"Thursday, March 9, 2017",,,,,,,,
54427,772126,FMNH,Birds,Sturnus vulgaris vulgaris,Chordata,Aves,Passeriformes,Sturnidae,A. Fischer,Europe,Germany,Bavaria,Augsburg,Male,No,772126,skin(r),skull | Weight | Fat | Tissue | Molt | Gonads | Stomach Contents| Iris Color | Upper Mandible Color | Lower Mandible Color | Tarsus Color | Tarsus Color,"Friday, October 28, 2016",,,,,,,,
54428,772127,FMNH,Birds,Sturnus vulgaris vulgaris,Chordata,Aves,Passeriformes,Sturnidae,A. Fischer,Europe,Germany,Bavaria,Augsburg,Female,No,772127,skin(r),skull | Weight | Fat | Tissue | Molt | Gonads | Stomach Contents| Iris Color | Upper Mandible Color | Lower Mandible Color | Tarsus Color | Tarsus Color,"Saturday, September 15, 2018",,,,,,,,
54429,772128,FMNH,Birds,Sturnus vulgaris vulgaris,Chordata,Aves,Passeriformes,Sturnidae,A. Fischer,Europe,Germany,Bavaria,Augsburg,Female,No,772128,skin(r),skull | Weight | Fat | Tissue | Molt | Gonads | Stomach Contents| Iris Color | Upper Mandible Color | Lower Mandible Color | Tarsus Color | Tarsus Color,"Saturday, September 12, 2020",,,,,,,,
54430,772129,FMNH,Birds,Sturnus vulgaris vulgaris,Chordata,Aves,Passeriformes,Sturnidae,A. Fischer,Europe,Germany,Bavaria,Augsburg,Male,No,772129,skin(r),skull | Weight | Fat | Tissue | Molt | Gonads | Stomach Contents| Iris Color | Upper Mandible Color | Lower Mandible Color | Tarsus Color | Tarsus Color,"Saturday, September 12, 2020",,,,,,,,
54431,772130,FMNH,Birds,Sturnus vulgaris vulgaris,Chordata,Aves,Passeriformes,Sturnidae,A. Fischer,Europe,Germany,Bavaria,Augsburg,Male,No,772130,skin(r),skull | Weight | Fat | Tissue | Molt | Gonads | Stomach Contents| Iris Color | Upper Mandible Color | Lower Mandible Color | Tarsus Color | Tarsus Color,"Friday, August 26, 2016",,,,,,,,
54432,772131,FMNH,Birds,Sturnus vulgaris vulgaris,Chordata,Aves,Passeriformes,Sturnidae,A. Fischer,Europe,Germany,Bavaria,Augsburg,Male,No,772131,skin(r),skull | Weight | Fat | Tissue | Molt | Gonads | Stomach Contents| Iris Color | Upper Mandible Color | Lower Mandible Color | Tarsus Color | Tarsus Color,"Friday, August 26, 2016",,,,,,,,
54433,772132,FMNH,Birds,Sturnus vulgaris vulgaris,Chordata,Aves,Passeriformes,Sturnidae,A. Fischer,Europe,Germany,Bavaria,Augsburg,Male,No,772132,skin(r),skull | Weight | Fat | Tissue | Molt | Gonads | Stomach Contents| Iris Color | Upper Mandible Color | Lower Mandible Color | Tarsus Color | Tarsus Color,"Saturday, October 6, 2018",,,,,,,,
54435,772134,FMNH,Birds,Sturnus vulgaris vulgaris,Chordata,Aves,Passeriformes,Sturnidae,A. Fischer,Europe,Germany,Bavaria,Augsburg,Male,No,772134,skin(r),skull | Weight | Fat | Tissue | Molt | Gonads | Stomach Contents| Iris Color | Upper Mandible Color | Lower Mandible Color | Tarsus Color | Tarsus Color,"Wednesday, October 16, 2019",,,,,,,,
54436,772135,FMNH,Birds,Sturnus vulgaris vulgaris,Chordata,Aves,Passeriformes,Sturnidae,A. Fischer,Europe,Germany,Bavaria,Augsburg,Female,No,772135,skin(r),skull | Weight | Fat | Tissue | Molt | Gonads | Stomach Contents| Iris Color | Upper Mandible Color | Lower Mandible Color | Tarsus Color | Tarsus Color,"Friday, August 26, 2016",,,,,,,,
54437,772136,FMNH,Birds,Sturnus vulgaris vulgaris,Chordata,Aves,Passeriformes,Sturnidae,A. Fischer,Europe,Germany,Bavaria,Augsburg,Female,No,772136,skin(r),skull | Weight | Fat | Tissue | Molt | Gonads | Stomach Contents| Iris Color | Upper Mandible Color | Lower Mandible Color | Tarsus Color | Tarsus Color,"Friday, September 30, 2016",,,,,,,,
54438,772137,FMNH,Birds,Sturnus vulgaris vulgaris,Chordata,Aves,Passeriformes,Sturnidae,A. Fischer,Europe,Germany,Bavaria,Augsburg,Female,No,772137,skin(r),skull | Weight | Fat | Tissue | Molt | Gonads | Stomach Contents| Iris Color | Upper Mandible Color | Lower Mandible Color | Tarsus Color | Tarsus Color,"Friday, September 30, 2016",,,,,,,,
54439,772138,FMNH,Birds,Sturnus vulgaris vulgaris,Chordata,Aves,Passeriformes,Sturnidae,A. Fischer,Europe,Germany,Bavaria,Augsburg,Male,No,772138,skin(r),skull | Weight | Fat | Tissue | Molt | Gonads | Stomach Contents| Iris Color | Upper Mandible Color | Lower Mandible Color | Tarsus Color | Tarsus Color,"Saturday, April 20, 2013",,,,,,,,
54441,772140,FMNH,Birds,Sturnus vulgaris vulgaris,Chordata,Aves,Passeriformes,Sturnidae,A. Fischer,Europe,Germany,Bavaria,Augsburg,Female,No,772140,skin(r),skull | Weight | Fat | Tissue | Molt | Gonads | Stomach Contents| Iris Color | Upper Mandible Color | Lower Mandible Color | Tarsus Color | Tarsus Color,"Wednesday, August 21, 2019",,,,,,,,
54442,772141,FMNH,Birds,Sturnus vulgaris vulgaris,Chordata,Aves,Passeriformes,Sturnidae,A. Fischer,Europe,Germany,Bavaria,Augsburg,Male,No,772141,skin(r),skull | Weight | Fat | Tissue | Molt | Gonads | Stomach Contents| Iris Color | Upper Mandible Color | Lower Mandible Color | Tarsus Color | Tarsus Color,"Tuesday, July 3, 2018",,,,,,,,
54443,772142,FMNH,Birds,Sturnus vulgaris vulgaris,Chordata,Aves,Passeriformes,Sturnidae,A. Fischer,Europe,Germany,Bavaria,Augsburg,Male,No,772142,skin(r),skull | Weight | Fat | Tissue | Molt | Gonads | Stomach Contents| Iris Color | Upper Mandible Color | Lower Mandible Color | Tarsus Color | Tarsus Color,"Friday, September 9, 2016",,,,,,,,
54444,772143,FMNH,Birds,Sturnus vulgaris vulgaris,Chordata,Aves,Passeriformes,Sturnidae,A. Fischer,Europe,Germany,Bavaria,Augsburg,Male,No,772143,skin(r),skull | Weight | Fat | Tissue | Molt | Gonads | Stomach Contents| Iris Color | Upper Mandible Color | Lower Mandible Color | Tarsus Color | Tarsus Color,"Friday, October 11, 2013",,,,,,,,
56218,773923,FMNH,Birds,Sturnus vulgaris vulgaris,Chordata,Aves,Passeriformes,Sturnidae,A. Fischer,Europe,Germany,,Frankfurt am Main,,No,773923,skin(r),skull | Weight | Fat | Tissue | Molt | Gonads | Stomach Contents| Iris Color | Upper Mandible Color | Lower Mandible Color | Tarsus Color | Tarsus Color,"Tuesday, September 25, 2012",,,,,,,,
243252,1496593,FMNH,Birds,Sturnus vulgaris,Chordata,Aves,Passeriformes,Sturnidae,W. N. Koelz,Asia,India,Uttar Pradesh,Nichlaul,Male,No,1496593,skin(r),skull | Weight | Fat | Tissue | Molt | Gonads | Stomach Contents| Iris Color | Upper Mandible Color | Lower Mandible Color | Tarsus Color | Tarsus Color,"Monday, February 10, 1947",,,,,,,,
243253,1496594,FMNH,Birds,Sturnus vulgaris,Chordata,Aves,Passeriformes,Sturnidae,R. Chand,Asia,India,Uttar Pradesh,Nichlaul,Male,No,1496594,skin(r),skull | Weight | Fat | Tissue | Molt | Gonads | Stomach Contents| Iris Color | Upper Mandible Color | Lower Mandible Color | Tarsus Color | Tarsus Color,"Tuesday, February 4, 1947",,,,,,,,
243254,1496595,FMNH,Birds,Sturnus vulgaris,Chordata,Aves,Passeriformes,Sturnidae,W. N. Koelz,Asia,India,Uttar Pradesh,Kalnahi,Female,No,1496595,skin(r),skull | Weight | Fat | Tissue | Molt | Gonads | Stomach Contents| Iris Color | Upper Mandible Color | Lower Mandible Color | Tarsus Color | Tarsus Color,"Sunday, February 16, 1947",,,,,,,,
243271,1496612,FMNH,Birds,Sturnus vulgaris,Chordata,Aves,Passeriformes,Sturnidae,W. N. Koelz,Asia,India,Uttar Pradesh,Kalnahi,Male,No,1496612,skin(r),skull | Weight | Fat | Tissue | Molt | Gonads | Stomach Contents| Iris Color | Upper Mandible Color | Lower Mandible Color | Tarsus Color | Tarsus Color,"Sunday, February 16, 1947",,,,,,,,
243272,1496613,FMNH,Birds,Sturnus vulgaris,Chordata,Aves,Passeriformes,Sturnidae,W. N. Koelz,Asia,India,Uttar Pradesh,Kalnahi,Female,No,1496613,skin(r),skull | Weight | Fat | Tissue | Molt | Gonads | Stomach Contents| Iris Color | Upper Mandible Color | Lower Mandible Color | Tarsus Color | Tarsus Color,"Saturday, February 15, 1947",,,,,,,,
243273,1496614,FMNH,Birds,Sturnus vulgaris,Chordata,Aves,Passeriformes,Sturnidae,W. N. Koelz,Asia,India,Uttar Pradesh,Kalnahi,Male,No,1496614,skin(r),skull | Weight | Fat | Tissue | Molt | Gonads | Stomach Contents| Iris Color | Upper Mandible Color | Lower Mandible Color | Tarsus Color | Tarsus Color,"Monday, February 17, 1947",,,,,,,,
243274,1496615,FMNH,Birds,Sturnus vulgaris,Chordata,Aves,Passeriformes,Sturnidae,W. N. Koelz,Asia,India,Uttar Pradesh,Kalnahi,Female,No,1496615,skin(r),skull | Weight | Fat | Tissue | Molt | Gonads | Stomach Contents| Iris Color | Upper Mandible Color | Lower Mandible Color | Tarsus Color | Tarsus Color,"Saturday, February 15, 1947",,,,,,,,
243275,1496616,FMNH,Birds,Sturnus vulgaris,Chordata,Aves,Passeriformes,Sturnidae,W. N. Koelz,Asia,India,Uttar Pradesh,Kalnahi,Male,No,1496616,skin(r),skull | Weight | Fat | Tissue | Molt | Gonads | Stomach Contents| Iris Color | Upper Mandible Color | Lower Mandible Color | Tarsus Color | Tarsus Color,"Wednesday, February 19, 1947",,,,,,,,
243276,1496617,FMNH,Birds,Sturnus vulgaris,Chordata,Aves,Passeriformes,Sturnidae,R. Chand,Asia,India,Uttar Pradesh,Nichlaul,Male,No,1496617,skin(r),skull | Weight | Fat | Tissue | Molt | Gonads | Stomach Contents| Iris Color | Upper Mandible Color | Lower Mandible Color | Tarsus Color | Tarsus Color,"Thursday, February 6, 1947",,,,,,,,
243277,1496618,FMNH,Birds,Sturnus vulgaris,Chordata,Aves,Passeriformes,Sturnidae,W. N. Koelz,Asia,India,Uttar Pradesh,Nichlaul,Male,No,1496618,skin(r),skull | Weight | Fat | Tissue | Molt | Gonads | Stomach Contents| Iris Color | Upper Mandible Color | Lower Mandible Color | Tarsus Color | Tarsus Color,"Wednesday, February 12, 1947",,,,,,,,
243278,1496619,FMNH,Birds,Sturnus vulgaris,Chordata,Aves,Passeriformes,Sturnidae,W. N. Koelz,Asia,India,Uttar Pradesh,Nichlaul,Female,No,1496619,skin(r),skull | Weight | Fat | Tissue | Molt | Gonads | Stomach Contents| Iris Color | Upper Mandible Color | Lower Mandible Color | Tarsus Color | Tarsus Color,"Sunday, February 9, 1947",,,,,,,,
243279,1496620,FMNH,Birds,Sturnus vulgaris humii,Chordata,Aves,Passeriformes,Sturnidae,W. N. Koelz,Asia,India,Kashmir,Srinagar,Male,No,1496620,skin(r),skull | Weight | Fat | Tissue | Molt | Gonads | Stomach Contents| Iris Color | Upper Mandible Color | Lower Mandible Color | Tarsus Color | Tarsus Color,"Monday, July 27, 1936",,,,,,,,
243280,1496621,FMNH,Birds,Sturnus vulgaris,Chordata,Aves,Passeriformes,Sturnidae,W. N. Koelz,Asia,India,Uttar Pradesh,Nichlaul,Male,No,1496621,skin(r),skull | Weight | Fat | Tissue | Molt | Gonads | Stomach Contents| Iris Color | Upper Mandible Color | Lower Mandible Color | Tarsus Color | Tarsus Color,"Tuesday, February 11, 1947",,,,,,,,
243281,1496622,FMNH,Birds,Sturnus vulgaris,Chordata,Aves,Passeriformes,Sturnidae,W. N. Koelz,Asia,India,Uttar Pradesh,Nichlaul,Male,No,1496622,skin(r),skull | Weight | Fat | Tissue | Molt | Gonads | Stomach Contents| Iris Color | Upper Mandible Color | Lower Mandible Color | Tarsus Color | Tarsus Color,"Monday, February 10, 1947",,,,,,,,
310071,1563292,FMNH,Birds,Sturnus vulgaris humii,Chordata,Aves,Passeriformes,Sturnidae,No Person (Birds),Asia,India,Uttar Pradesh,Lucknow,Female,No,1563292,skin(r),skull | Weight | Fat | Tissue | Molt | Gonads | Stomach Contents| Iris Color | Upper Mandible Color | Lower Mandible Color | Tarsus Color,30 Dec 1888,,,,,,,,
310072,1563293,FMNH,Birds,Sturnus vulgaris humii,Chordata,Aves,Passeriformes,Sturnidae,No Person (Birds),Asia,India,Uttar Pradesh,Lucknow,Female,No,1563293,skin(r),skull | Weight | Fat | Tissue | Molt | Gonads | Stomach Contents| Iris Color | Upper Mandible Color | Lower Mandible Color | Tarsus Color,30 Jan 1889,,,,,,,,
310073,1563294,FMNH,Birds,Sturnus vulgaris humii,Chordata,Aves,Passeriformes,Sturnidae,No Person (Birds),Asia,India,Uttar Pradesh,Lucknow,Male,No,1563294,skin(r),skull | Weight | Fat | Tissue | Molt | Gonads | Stomach Contents| Iris Color | Upper Mandible Color | Lower Mandible Color | Tarsus Color,22 Dec 1888,,,,,,,,
310074,1563295,FMNH,Birds,Sturnus vulgaris humii,Chordata,Aves,Passeriformes,Sturnidae,No Person (Birds),Asia,India,Uttar Pradesh,Lucknow,Female,No,1563295,skin(r),skull | Weight | Fat | Tissue | Molt | Gonads | Stomach Contents| Iris Color | Upper Mandible Color | Lower Mandible Color | Tarsus Color,19 Feb 1889,,,,,,,,
310075,1563296,FMNH,Birds,Sturnus vulgaris humii,Chordata,Aves,Passeriformes,Sturnidae,No Person (Birds),Asia,India,Uttar Pradesh,Lucknow,Male,No,1563296,skin(r),skull | Weight | Fat | Tissue | Molt | Gonads | Stomach Contents| Iris Color | Upper Mandible Color | Lower Mandible Color | Tarsus Color,15 Feb 1889,,,,,,,,
310076,1563297,FMNH,Birds,Sturnus vulgaris humii,Chordata,Aves,Passeriformes,Sturnidae,No Person (Birds),Asia,India,Uttar Pradesh,Lucknow,Female,No,1563297,skin(r),skull | Weight | Fat | Tissue | Molt | Gonads | Stomach Contents| Iris Color | Upper Mandible Color | Lower Mandible Color | Tarsus Color,03 Jan 1889,,,,,,,,
60546,778253,FMNH,Birds,Sturnus vulgaris humii,Chordata,Aves,Passeriformes,Sturnidae,T Roosevelt Jr & K Roosevelt,Asia,India,Kashmir,Gund,Male,No,778253,skin(r),skull | Weight | Fat | Tissue | Molt | Gonads | Stomach Contents| Iris Color | Upper Mandible Color | Lower Mandible Color | Tarsus Color | Tarsus Color,"Wednesday, May 21, 2025",,,||||| N,,,,,
243233,1496574,FMNH,Birds,Sturnus vulgaris,Chordata,Aves,Passeriformes,Sturnidae,W. N. Koelz,Asia,Iran,Luristan,Durud,Female,No,1496574,skin(r),skull | Weight | Fat | Tissue | Molt | Gonads | Stomach Contents| Iris Color | Upper Mandible Color | Lower Mandible Color | Tarsus Color | Tarsus Color,"Friday, March 7, 1941",,,,,,,,
243234,1496575,FMNH,Birds,Sturnus vulgaris,Chordata,Aves,Passeriformes,Sturnidae,W. N. Koelz,Asia,Iran,Luristan,Durud,Male,No,1496575,skin(r),skull | Weight | Fat | Tissue | Molt | Gonads | Stomach Contents| Iris Color | Upper Mandible Color | Lower Mandible Color | Tarsus Color | Tarsus Color,"Saturday, March 15, 1941",,,,,,,,
243235,1496576,FMNH,Birds,Sturnus vulgaris caucasicus,Chordata,Aves,Passeriformes,Sturnidae,W. N. Koelz,Asia,Iran,Luristan,Durud,Female,No,1496576,skin(r),skull | Weight | Fat | Tissue | Molt | Gonads | Stomach Contents| Iris Color | Upper Mandible Color | Lower Mandible Color | Tarsus Color | Tarsus Color,"Saturday, March 15, 1941",,,,,,,,
243236,1496577,FMNH,Birds,Sturnus vulgaris,Chordata,Aves,Passeriformes,Sturnidae,W. N. Koelz,Asia,Iran,Luristan,Durud,Female,No,1496577,skin(r),skull | Weight | Fat | Tissue | Molt | Gonads | Stomach Contents| Iris Color | Upper Mandible Color | Lower Mandible Color | Tarsus Color | Tarsus Color,"Friday, November 20, 1942",,,,,,,,
243237,1496578,FMNH,Birds,Sturnus vulgaris,Chordata,Aves,Passeriformes,Sturnidae,W. N. Koelz,Asia,Iran,Luristan,Durud,Female,No,1496578,skin(r),skull | Weight | Fat | Tissue | Molt | Gonads | Stomach Contents| Iris Color | Upper Mandible Color | Lower Mandible Color | Tarsus Color | Tarsus Color,"Friday, November 20, 1942",,,,,,,,
243238,1496579,FMNH,Birds,Sturnus vulgaris,Chordata,Aves,Passeriformes,Sturnidae,W. N. Koelz,Asia,Iran,Luristan,Durud,Male,No,1496579,skin(r),skull | Weight | Fat | Tissue | Molt | Gonads | Stomach Contents| Iris Color | Upper Mandible Color | Lower Mandible Color | Tarsus Color | Tarsus Color,"Friday, November 20, 1942",,,,,,,,
243239,1496580,FMNH,Birds,Sturnus vulgaris caucasicus,Chordata,Aves,Passeriformes,Sturnidae,W. N. Koelz,Asia,Iran,Luristan,Durud,Male,No,1496580,skin(r),skull | Weight | Fat | Tissue | Molt | Gonads | Stomach Contents| Iris Color | Upper Mandible Color | Lower Mandible Color | Tarsus Color | Tarsus Color,"Thursday, March 6, 1941",,,,,,,,
243240,1496581,FMNH,Birds,Sturnus vulgaris caucasicus,Chordata,Aves,Passeriformes,Sturnidae,W. N. Koelz,Asia,Iran,Luristan,Durud,Female,No,1496581,skin(r),skull | Weight | Fat | Tissue | Molt | Gonads | Stomach Contents| Iris Color | Upper Mandible Color | Lower Mandible Color | Tarsus Color | Tarsus Color,"Friday, May 24, 1940",,,,,,,,
243241,1496582,FMNH,Birds,Sturnus vulgaris,Chordata,Aves,Passeriformes,Sturnidae,W. N. Koelz,Asia,Iran,Kermanshah,Kermanshah,Female,No,1496582,skin(r),skull | Weight | Fat | Tissue | Molt | Gonads | Stomach Contents| Iris Color | Upper Mandible Color | Lower Mandible Color | Tarsus Color | Tarsus Color,"Tuesday, January 14, 1941",,,,,,,,
243242,1496583,FMNH,Birds,Sturnus vulgaris,Chordata,Aves,Passeriformes,Sturnidae,W. N. Koelz,Asia,Iran,,Khatunabad,Male,No,1496583,skin(r),skull | Weight | Fat | Tissue | Molt | Gonads | Stomach Contents| Iris Color | Upper Mandible Color | Lower Mandible Color | Tarsus Color | Tarsus Color,"Tuesday, January 30, 1940",,,,,,,,
243243,1496584,FMNH,Birds,Sturnus vulgaris caucasicus,Chordata,Aves,Passeriformes,Sturnidae,W. N. Koelz,Asia,Iran,,Karaj,Female,No,1496584,skin(r),skull | Weight | Fat | Tissue | Molt | Gonads | Stomach Contents| Iris Color | Upper Mandible Color | Lower Mandible Color | Tarsus Color | Tarsus Color,"Saturday, April 3, 1943",,,,,,,,
243244,1496585,FMNH,Birds,Sturnus vulgaris,Chordata,Aves,Passeriformes,Sturnidae,W. N. Koelz,Asia,Iran,,Tomogaon,Male,No,1496585,skin(r),skull | Weight | Fat | Tissue | Molt | Gonads | Stomach Contents| Iris Color | Upper Mandible Color | Lower Mandible Color | Tarsus Color | Tarsus Color,"Friday, February 2, 1940",,,,,,,,
243245,1496586,FMNH,Birds,Sturnus vulgaris,Chordata,Aves,Passeriformes,Sturnidae,W. N. Koelz,Asia,Iran,Azarbaijan,Dashagli,Female,No,1496586,skin(r),skull | Weight | Fat | Tissue | Molt | Gonads | Stomach Contents| Iris Color | Upper Mandible Color | Lower Mandible Color | Tarsus Color | Tarsus Color,"Thursday, December 5, 1940",,,,,,,,
243246,1496587,FMNH,Birds,Sturnus vulgaris,Chordata,Aves,Passeriformes,Sturnidae,W. N. Koelz,Asia,Iran,Kirman,Dehishib,Female,No,1496587,skin(r),skull | Weight | Fat | Tissue | Molt | Gonads | Stomach Contents| Iris Color | Upper Mandible Color | Lower Mandible Color | Tarsus Color | Tarsus Color,"Wednesday, January 17, 1940",,,,,,,,
243247,1496588,FMNH,Birds,Sturnus vulgaris,Chordata,Aves,Passeriformes,Sturnidae,W. N. Koelz,Asia,Iran,Kirman,Madenu,Male,No,1496588,skin(r),skull | Weight | Fat | Tissue | Molt | Gonads | Stomach Contents| Iris Color | Upper Mandible Color | Lower Mandible Color | Tarsus Color | Tarsus Color,"Tuesday, December 26, 1939",,,,,,,,
243248,1496589,FMNH,Birds,Sturnus vulgaris,Chordata,Aves,Passeriformes,Sturnidae,W. N. Koelz,Asia,Iran,Kermanshah,Qasrishirin,Female,No,1496589,skin(r),skull | Weight | Fat | Tissue | Molt | Gonads | Stomach Contents| Iris Color | Upper Mandible Color | Lower Mandible Color | Tarsus Color | Tarsus Color,"Monday, January 6, 1941",,,,,,,,
243249,1496590,FMNH,Birds,Sturnus vulgaris,Chordata,Aves,Passeriformes,Sturnidae,W. N. Koelz,Asia,Iran,Kermanshah,Qasrishirin,Female,No,1496590,skin(r),skull | Weight | Fat | Tissue | Molt | Gonads | Stomach Contents| Iris Color | Upper Mandible Color | Lower Mandible Color | Tarsus Color | Tarsus Color,"Monday, January 6, 1941",,,,,,,,
243250,1496591,FMNH,Birds,Sturnus vulgaris,Chordata,Aves,Passeriformes,Sturnidae,W. N. Koelz,Asia,Iran,Kermanshah,Qasrishirin,Female,No,1496591,skin(r),skull | Weight | Fat | Tissue | Molt | Gonads | Stomach Contents| Iris Color | Upper Mandible Color | Lower Mandible Color | Tarsus Color | Tarsus Color,"Monday, January 6, 1941",,,,,,,,
243255,1496596,FMNH,Birds,Sturnus vulgaris,Chordata,Aves,Passeriformes,Sturnidae,W. N. Koelz,Asia,Iran,,Khatunabad,Male,No,1496596,skin(r),skull | Weight | Fat | Tissue | Molt | Gonads | Stomach Contents| Iris Color | Upper Mandible Color | Lower Mandible Color | Tarsus Color | Tarsus Color,"Sunday, February 16, 1947",,,,,,,,
243256,1496597,FMNH,Birds,Sturnus vulgaris,Chordata,Aves,Passeriformes,Sturnidae,W. N. Koelz,Asia,Iran,,Tomogaon,Male,No,1496597,skin(r),skull | Weight | Fat | Tissue | Molt | Gonads | Stomach Contents| Iris Color | Upper Mandible Color | Lower Mandible Color | Tarsus Color | Tarsus Color,"Sunday, February 2, 1947",,,,,,,,
243257,1496598,FMNH,Birds,Sturnus vulgaris,Chordata,Aves,Passeriformes,Sturnidae,W. N. Koelz,Asia,Iran,,Dehidisk,Female,No,1496598,skin(r),skull | Weight | Fat | Tissue | Molt | Gonads | Stomach Contents| Iris Color | Upper Mandible Color | Lower Mandible Color | Tarsus Color | Tarsus Color,"Friday, January 31, 1947",,,,,,,,
243258,1496599,FMNH,Birds,Sturnus vulgaris,Chordata,Aves,Passeriformes,Sturnidae,W. N. Koelz,Asia,Iran,,Karaj,Female,No,1496599,skin(r),skull | Weight | Fat | Tissue | Molt | Gonads | Stomach Contents| Iris Color | Upper Mandible Color | Lower Mandible Color | Tarsus Color | Tarsus Color,"Tuesday, March 21, 1944",,,,,,,,
243259,1496600,FMNH,Birds,Sturnus vulgaris caucasicus,Chordata,Aves,Passeriformes,Sturnidae,W. N. Koelz,Asia,Iran,,Karaj,Female,No,1496600,skin(r),skull | Weight | Fat | Tissue | Molt | Gonads | Stomach Contents| Iris Color | Upper Mandible Color | Lower Mandible Color | Tarsus Color | Tarsus Color,"Friday, April 9, 1943",,,,,,,,
243260,1496601,FMNH,Birds,Sturnus vulgaris,Chordata,Aves,Passeriformes,Sturnidae,W. N. Koelz,Asia,Iran,Azarbaijan,Namin,Female,No,1496601,skin(r),skull | Weight | Fat | Tissue | Molt | Gonads | Stomach Contents| Iris Color | Upper Mandible Color | Lower Mandible Color | Tarsus Color | Tarsus Color,"Wednesday, November 6, 1940",,,,,,,,
243261,1496602,FMNH,Birds,Sturnus vulgaris,Chordata,Aves,Passeriformes,Sturnidae,W. N. Koelz,Asia,Iran,Azarbaijan,Namin,Male,No,1496602,skin(r),skull | Weight | Fat | Tissue | Molt | Gonads | Stomach Contents| Iris Color | Upper Mandible Color | Lower Mandible Color | Tarsus Color | Tarsus Color,"Wednesday, November 6, 1940",,,,,,,,
243262,1496603,FMNH,Birds,Sturnus vulgaris,Chordata,Aves,Passeriformes,Sturnidae,W. N. Koelz,Asia,Iran,Azarbaijan,Dashagli,Male,No,1496603,skin(r),skull | Weight | Fat | Tissue | Molt | Gonads | Stomach Contents| Iris Color | Upper Mandible Color | Lower Mandible Color | Tarsus Color | Tarsus Color,"Thursday, December 5, 1940",,,,,,,,
243263,1496604,FMNH,Birds,Sturnus vulgaris,Chordata,Aves,Passeriformes,Sturnidae,W. N. Koelz,Asia,Iran,Azarbaijan,Ardibil,Male,No,1496604,skin(r),skull | Weight | Fat | Tissue | Molt | Gonads | Stomach Contents| Iris Color | Upper Mandible Color | Lower Mandible Color | Tarsus Color | Tarsus Color,"Saturday, November 2, 1940",,,,,,,,
243264,1496605,FMNH,Birds,Sturnus vulgaris caucasicus,Chordata,Aves,Passeriformes,Sturnidae,W. N. Koelz,Asia,Iran,,Karaj,Female,No,1496605,skin(r),skull | Weight | Fat | Tissue | Molt | Gonads | Stomach Contents| Iris Color | Upper Mandible Color | Lower Mandible Color | Tarsus Color | Tarsus Color,"Tuesday, March 21, 1944",,,,,,,,
243265,1496606,FMNH,Birds,Sturnus vulgaris,Chordata,Aves,Passeriformes,Sturnidae,W. N. Koelz,Asia,Iran,,Dehidisk,Female,No,1496606,skin(r),skull | Weight | Fat | Tissue | Molt | Gonads | Stomach Contents| Iris Color | Upper Mandible Color | Lower Mandible Color | Tarsus Color | Tarsus Color,"Thursday, February 1, 1940",,,,,,,,
243266,1496607,FMNH,Birds,Sturnus vulgaris caucasicus,Chordata,Aves,Passeriformes,Sturnidae,W. N. Koelz,Asia,Iran,Luristan,Durud,,No,1496607,skin(r),skull | Weight | Fat | Tissue | Molt | Gonads | Stomach Contents| Iris Color | Upper Mandible Color | Lower Mandible Color | Tarsus Color | Tarsus Color,"Saturday, May 25, 1940",,,,,,,,
243267,1496608,FMNH,Birds,Sturnus vulgaris caucasicus,Chordata,Aves,Passeriformes,Sturnidae,W. N. Koelz,Asia,Iran,Luristan,Durud,Male,No,1496608,skin(r),skull | Weight | Fat | Tissue | Molt | Gonads | Stomach Contents| Iris Color | Upper Mandible Color | Lower Mandible Color | Tarsus Color | Tarsus Color,"Saturday, March 15, 1941",,,,,,,,
243268,1496609,FMNH,Birds,Sturnus vulgaris,Chordata,Aves,Passeriformes,Sturnidae,W. N. Koelz,Asia,Iran,Luristan,Durud,Male,No,1496609,skin(r),skull | Weight | Fat | Tissue | Molt | Gonads | Stomach Contents| Iris Color | Upper Mandible Color | Lower Mandible Color | Tarsus Color | Tarsus Color,"Friday, November 20, 1942",,,,,,,,
243269,1496610,FMNH,Birds,Sturnus vulgaris caucasicus,Chordata,Aves,Passeriformes,Sturnidae,W. N. Koelz,Asia,Iran,Luristan,Durud,Female,No,1496610,skin(r),skull | Weight | Fat | Tissue | Molt | Gonads | Stomach Contents| Iris Color | Upper Mandible Color | Lower Mandible Color | Tarsus Color | Tarsus Color,"Thursday, March 13, 1941",,,,,,,,
243270,1496611,FMNH,Birds,Sturnus vulgaris caucasicus,Chordata,Aves,Passeriformes,Sturnidae,W. N. Koelz,Asia,Iran,Luristan,Durud,Female,No,1496611,skin(r),skull | Weight | Fat | Tissue | Molt | Gonads | Stomach Contents| Iris Color | Upper Mandible Color | Lower Mandible Color | Tarsus Color | Tarsus Color,"Saturday, March 15, 1941",,,,,,,,
243285,1496626,FMNH,Birds,Sturnus vulgaris,Chordata,Aves,Passeriformes,Sturnidae,W. N. Koelz,Asia,Iran,,Khatunabad,Male,No,1496626,skin(r),skull | Weight | Fat | Tissue | Molt | Gonads | Stomach Contents| Iris Color | Upper Mandible Color | Lower Mandible Color | Tarsus Color | Tarsus Color,"Tuesday, January 30, 1940",,,,,,,,
243286,1496627,FMNH,Birds,Sturnus vulgaris,Chordata,Aves,Passeriformes,Sturnidae,W. N. Koelz,Asia,Iran,,Dehidisk,Female,No,1496627,skin(r),skull | Weight | Fat | Tissue | Molt | Gonads | Stomach Contents| Iris Color | Upper Mandible Color | Lower Mandible Color | Tarsus Color | Tarsus Color,"Wednesday, January 31, 1940",,,,,,,,
243287,1496628,FMNH,Birds,Sturnus vulgaris caucasicus,Chordata,Aves,Passeriformes,Sturnidae,W. N. Koelz,Asia,Iran,Esfahan,Esfahan,Female,No,1496628,skin(r),skull | Weight | Fat | Tissue | Molt | Gonads | Stomach Contents| Iris Color | Upper Mandible Color | Lower Mandible Color | Tarsus Color | Tarsus Color,"Monday, March 4, 1940",,,,,,,,
243288,1496629,FMNH,Birds,Sturnus vulgaris,Chordata,Aves,Passeriformes,Sturnidae,W. N. Koelz,Asia,Iran,Azarbaijan,Ardebil,Female,No,1496629,skin(r),skull | Weight | Fat | Tissue | Molt | Gonads | Stomach Contents| Iris Color | Upper Mandible Color | Lower Mandible Color | Tarsus Color | Tarsus Color,"Monday, November 4, 1940",,,,,,,,
243289,1496630,FMNH,Birds,Sturnus vulgaris,Chordata,Aves,Passeriformes,Sturnidae,W. N. Koelz,Asia,Iran,Azarbaijan,Tabriz,Female,No,1496630,skin(r),skull | Weight | Fat | Tissue | Molt | Gonads | Stomach Contents| Iris Color | Upper Mandible Color | Lower Mandible Color | Tarsus Color | Tarsus Color,"Wednesday, October 30, 1940",,,,,,,,
243290,1496631,FMNH,Birds,Sturnus vulgaris,Chordata,Aves,Passeriformes,Sturnidae,W. N. Koelz,Asia,Iran,Azarbaijan,Tabriz,Female,No,1496631,skin(r),skull | Weight | Fat | Tissue | Molt | Gonads | Stomach Contents| Iris Color | Upper Mandible Color | Lower Mandible Color | Tarsus Color | Tarsus Color,"Wednesday, October 30, 1940",,,,,,,,
243291,1496632,FMNH,Birds,Sturnus vulgaris,Chordata,Aves,Passeriformes,Sturnidae,W. N. Koelz,Asia,Iran,Azarbaijan,Sarab,Male,No,1496632,skin(r),skull | Weight | Fat | Tissue | Molt | Gonads | Stomach Contents| Iris Color | Upper Mandible Color | Lower Mandible Color | Tarsus Color | Tarsus Color,"Friday, November 8, 1940",,,,,,,,
243292,1496633,FMNH,Birds,Sturnus vulgaris,Chordata,Aves,Passeriformes,Sturnidae,W. N. Koelz,Asia,Iran,Luristan,Durud,Male,No,1496633,skin(r),skull | Weight | Fat | Tissue | Molt | Gonads | Stomach Contents| Iris Color | Upper Mandible Color | Lower Mandible Color | Tarsus Color | Tarsus Color,"Friday, November 20, 1942",,,,,,,,
243293,1496634,FMNH,Birds,Sturnus vulgaris,Chordata,Aves,Passeriformes,Sturnidae,W. N. Koelz,Asia,Iran,Luristan,Durud,,No,1496634,skin(r),skull | Weight | Fat | Tissue | Molt | Gonads | Stomach Contents| Iris Color | Upper Mandible Color | Lower Mandible Color | Tarsus Color | Tarsus Color,"Friday, November 20, 1942",,,,,,,,
243294,1496635,FMNH,Birds,Sturnus vulgaris,Chordata,Aves,Passeriformes,Sturnidae,W. N. Koelz,Asia,Iran,Luristan,Durud,Male,No,1496635,skin(r),skull | Weight | Fat | Tissue | Molt | Gonads | Stomach Contents| Iris Color | Upper Mandible Color | Lower Mandible Color | Tarsus Color | Tarsus Color,"Friday, November 20, 1942",,,,,,,,
243297,1496638,FMNH,Birds,Sturnus vulgaris,Chordata,Aves,Passeriformes,Sturnidae,W. N. Koelz,Asia,Iran,Luristan,Durud,Male,No,1496638,skin(r),skull | Weight | Fat | Tissue | Molt | Gonads | Stomach Contents| Iris Color | Upper Mandible Color | Lower Mandible Color | Tarsus Color | Tarsus Color,"Friday, November 20, 1942",,,,,,,,
243298,1496639,FMNH,Birds,Sturnus vulgaris,Chordata,Aves,Passeriformes,Sturnidae,W. N. Koelz,Asia,Iran,Luristan,Durud,Female,No,1496639,skin(r),skull | Weight | Fat | Tissue | Molt | Gonads | Stomach Contents| Iris Color | Upper Mandible Color | Lower Mandible Color | Tarsus Color | Tarsus Color,"Saturday, March 15, 1941",,,,,,,,
243299,1496640,FMNH,Birds,Sturnus vulgaris caucasicus,Chordata,Aves,Passeriformes,Sturnidae,W. N. Koelz,Asia,Iran,Luristan,Durud,Female,No,1496640,skin(r),skull | Weight | Fat | Tissue | Molt | Gonads | Stomach Contents| Iris Color | Upper Mandible Color | Lower Mandible Color | Tarsus Color | Tarsus Color,"Saturday, March 15, 1941",,,,,,,,
243300,1496641,FMNH,Birds,Sturnus vulgaris,Chordata,Aves,Passeriformes,Sturnidae,W. N. Koelz,Asia,Iran,Luristan,Durud,Female,No,1496641,skin(r),skull | Weight | Fat | Tissue | Molt | Gonads | Stomach Contents| Iris Color | Upper Mandible Color | Lower Mandible Color | Tarsus Color | Tarsus Color,"Friday, November 20, 1942",,,,,,,,
243301,1496642,FMNH,Birds,Sturnus vulgaris,Chordata,Aves,Passeriformes,Sturnidae,W. N. Koelz,Asia,Iran,Fars,Eglit,Male,No,1496642,skin(r),skull | Weight | Fat | Tissue | Molt | Gonads | Stomach Contents| Iris Color | Upper Mandible Color | Lower Mandible Color | Tarsus Color | Tarsus Color,"Friday, March 8, 1940",,,,,,,,
243302,1496643,FMNH,Birds,Sturnus vulgaris,Chordata,Aves,Passeriformes,Sturnidae,W. N. Koelz,Asia,Iran,Fars,Dastarjin,Female,No,1496643,skin(r),skull | Weight | Fat | Tissue | Molt | Gonads | Stomach Contents| Iris Color | Upper Mandible Color | Lower Mandible Color | Tarsus Color | Tarsus Color,"Tuesday, April 9, 1940",,,,,,,,
243303,1496644,FMNH,Birds,Sturnus vulgaris,Chordata,Aves,Passeriformes,Sturnidae,W. N. Koelz,Asia,Iran,Kirman,Maskun,Male,No,1496644,skin(r),skull | Weight | Fat | Tissue | Molt | Gonads | Stomach Contents| Iris Color | Upper Mandible Color | Lower Mandible Color | Tarsus Color | Tarsus Color,"Saturday, February 3, 1940",,,,,,,,
243304,1496645,FMNH,Birds,Sturnus vulgaris,Chordata,Aves,Passeriformes,Sturnidae,W. N. Koelz,Asia,Iran,,Khatunabad,Male,No,1496645,skin(r),skull | Weight | Fat | Tissue | Molt | Gonads | Stomach Contents| Iris Color | Upper Mandible Color | Lower Mandible Color | Tarsus Color | Tarsus Color,"Tuesday, January 30, 1940",,,,,,,,
283765,1537068,FMNH,Birds,Sturnus vulgaris,Chordata,Aves,Passeriformes,Sturnidae,W S & J K Street,Asia,Iran,Fars,Bostak,,No,1537068,skin(r),skull | Weight | Fat | Tissue | Molt | Gonads | Stomach Contents| Iris Color | Upper Mandible Color | Lower Mandible Color | Tarsus Color | Tarsus Color,"Thursday, November 21, 1968",,,,,,,,
283766,1537069,FMNH,Birds,Sturnus vulgaris,Chordata,Aves,Passeriformes,Sturnidae,W S & J K Street,Asia,Iran,Fars,Bostak,,No,1537069,skin(r),skull | Weight | Fat | Tissue | Molt | Gonads | Stomach Contents| Iris Color | Upper Mandible Color | Lower Mandible Color | Tarsus Color | Tarsus Color,"Thursday, November 21, 1968",,,,,,,,
84065,875670,FMNH,Birds,Sturnus vulgaris,Chordata,Aves,Passeriformes,Sturnidae,R. Clawson,Asia,Iraq,Kirkuk,Kirkuk,Female,No,875670,skin(r),skull | Weight | Fat | Tissue | Molt | Gonads | Stomach Contents| Iris Color | Upper Mandible Color | Lower Mandible Color | Tarsus Color | Tarsus Color,1937-11-01,,,,,,,,
126710,919830,FMNH,Birds,Sturnus vulgaris vulgaris,Chordata,Aves,Passeriformes,Sturnidae,G. Minotto,Europe,Italy,Venezia,"Venice, Market",Male,No,919830,skin(r),skull | Weight | Fat | Tissue | Molt | Gonads | Stomach Contents| Iris Color | Upper Mandible Color | Lower Mandible Color | Tarsus Color | Tarsus Color,11 Mar 1891,,,,,,,,
126711,919831,FMNH,Birds,Sturnus vulgaris vulgaris,Chordata,Aves,Passeriformes,Sturnidae,L. B. Bishop,Europe,Italy,Venezia,"Venice, Market",Female,No,919831,skin(r),skull | Weight | Fat | Tissue | Molt | Gonads | Stomach Contents| Iris Color | Upper Mandible Color | Lower Mandible Color | Tarsus Color | Tarsus Color,"Sunday, October 31, 2010",,,,,,,,
126712,919832,FMNH,Birds,Sturnus vulgaris vulgaris,Chordata,Aves,Passeriformes,Sturnidae,L. B. Bishop,Europe,Italy,Venezia,"Venice, Market",Female,No,919832,skin(r),skull | Weight | Fat | Tissue | Molt | Gonads | Stomach Contents| Iris Color | Upper Mandible Color | Lower Mandible Color | Tarsus Color | Tarsus Color,"Monday, November 8, 2010",,,,,,,,
126713,919833,FMNH,Birds,Sturnus vulgaris vulgaris,Chordata,Aves,Passeriformes,Sturnidae,L. B. Bishop,Europe,Italy,Venezia,"Venice, Market",Female,No,919833,skin(r),skull | Weight | Fat | Tissue | Molt | Gonads | Stomach Contents| Iris Color | Upper Mandible Color | Lower Mandible Color | Tarsus Color | Tarsus Color,"Monday, November 8, 2010",,,,,,,,
40995,758632,FMNH,Birds,Sturnus vulgaris,Chordata,Aves,Passeriformes,Sturnidae,No Person (Birds),Europe,Italy,,Rome,,No,758632,skin(r),skull | Weight | Fat | Tissue | Molt | Gonads | Stomach Contents| Iris Color | Upper Mandible Color | Lower Mandible Color | Tarsus Color | Tarsus Color,Nov 1874,,,,,,,,
218433,1471781,FMNH,Birds,Sturnus vulgaris,Chordata,Aves,Passeriformes,Sturnidae,R. L. Fleming,Asia,Nepal,,Dhangarhi,Male,No,1471781,skin(r),skull | Weight | Fat | Tissue | Molt | Gonads | Stomach Contents| Iris Color | Upper Mandible Color | Lower Mandible Color | Tarsus Color | Tarsus Color,"Wednesday, December 3, 1952",,,,,,,,
218434,1471782,FMNH,Birds,Sturnus vulgaris,Chordata,Aves,Passeriformes,Sturnidae,R. L. Fleming,Asia,Nepal,,Dhangarhi,Female,No,1471782,skin(r),skull | Weight | Fat | Tissue | Molt | Gonads | Stomach Contents| Iris Color | Upper Mandible Color | Lower Mandible Color | Tarsus Color | Tarsus Color,"Wednesday, December 3, 1952",,,,,,,,
218435,1471783,FMNH,Birds,Sturnus vulgaris,Chordata,Aves,Passeriformes,Sturnidae,R. L. Fleming,Asia,Nepal,,Dhangarhi,Male,No,1471783,skin(r),skull | Weight | Fat | Tissue | Molt | Gonads | Stomach Contents| Iris Color | Upper Mandible Color | Lower Mandible Color | Tarsus Color | Tarsus Color,"Wednesday, December 3, 1952",,,,,,,,
218436,1471784,FMNH,Birds,Sturnus vulgaris,Chordata,Aves,Passeriformes,Sturnidae,R. L. Fleming,Asia,Nepal,,Dhangarhi,,No,1471784,skin(r),skull | Weight | Fat | Tissue | Molt | Gonads | Stomach Contents| Iris Color | Upper Mandible Color | Lower Mandible Color | Tarsus Color | Tarsus Color,"Wednesday, December 3, 1952",,,,,,,,
250528,1503866,FMNH,Birds,Sturnus vulgaris poltaratskyi,Chordata,Aves,Passeriformes,Sturnidae,R. L. Fleming,Asia,Nepal,,Manora River,Female,No,1503866,skin(r),skull | Weight | Fat | Tissue | Molt | Gonads | Stomach Contents| Iris Color | Upper Mandible Color | Lower Mandible Color | Tarsus Color | Tarsus Color,"Friday, April 5, 1957",,,,,,,,
278754,1532091,FMNH,Birds,Sturnus vulgaris poltaratskyi,Chordata,Aves,Passeriformes,Sturnidae,R. L. Fleming,Asia,Nepal,,,Male,No,1532091,skin(r),skull | Weight | Fat | Tissue | Molt | Gonads | Stomach Contents| Iris Color | Upper Mandible Color | Lower Mandible Color | Tarsus Color | Tarsus Color,"Wednesday, November 6, 1957",,,,,,,,
243282,1496623,FMNH,Birds,Sturnus vulgaris,Chordata,Aves,Passeriformes,Sturnidae,W. N. Koelz,Asia,Pakistan,Sind,Soneri Lake,Female,No,1496623,skin(r),skull | Weight | Fat | Tissue | Molt | Gonads | Stomach Contents| Iris Color | Upper Mandible Color | Lower Mandible Color | Tarsus Color | Tarsus Color,"Friday, December 8, 1939",,,,,,,,
243283,1496624,FMNH,Birds,Sturnus vulgaris,Chordata,Aves,Passeriformes,Sturnidae,W. N. Koelz,Asia,Pakistan,Sind,Soneri Lake,Female,No,1496624,skin(r),skull | Weight | Fat | Tissue | Molt | Gonads | Stomach Contents| Iris Color | Upper Mandible Color | Lower Mandible Color | Tarsus Color | Tarsus Color,"Tuesday, December 5, 1939",,,,,,,,
243284,1496625,FMNH,Birds,Sturnus vulgaris,Chordata,Aves,Passeriformes,Sturnidae,W. N. Koelz,Asia,Pakistan,Sind,Soneri Lake,Female,No,1496625,skin(r),skull | Weight | Fat | Tissue | Molt | Gonads | Stomach Contents| Iris Color | Upper Mandible Color | Lower Mandible Color | Tarsus Color | Tarsus Color,"Friday, December 8, 1939",,,,,,,,
94784,886443,FMNH,Birds,Sturnus vulgaris vulgaris,Chordata,Aves,Passeriformes,Sturnidae,No Person (Birds),Europe,Romania,Transylvania,,Male,No,886443,skin(r),skull | Weight | Fat | Tissue | Molt | Gonads | Stomach Contents| Iris Color | Upper Mandible Color | Lower Mandible Color | Tarsus Color | Tarsus Color,10 May 1883,,,,,,,,
126703,919823,FMNH,Birds,Sturnus vulgaris,Chordata,Aves,Passeriformes,Sturnidae,L. B. Bishop,Africa,Tunisia,,"Tunis, Market",Male,No,919823,skin(r),skull | Weight | Fat | Tissue | Molt | Gonads | Stomach Contents| Iris Color | Upper Mandible Color | Lower Mandible Color | Tarsus Color | Tarsus Color,"Sunday, February 13, 2011",,,,,,,,
126704,919824,FMNH,Birds,Sturnus vulgaris,Chordata,Aves,Passeriformes,Sturnidae,L. B. Bishop,Africa,Tunisia,,"Tunis, Market",Female,No,919824,skin(r),skull | Weight | Fat | Tissue | Molt | Gonads | Stomach Contents| Iris Color | Upper Mandible Color | Lower Mandible Color | Tarsus Color | Tarsus Color,"Sunday, February 20, 2011",,,,,,,,
126705,919825,FMNH,Birds,Sturnus vulgaris,Chordata,Aves,Passeriformes,Sturnidae,L. B. Bishop,Africa,Tunisia,,"Tunis, Market",Female,No,919825,skin(r),skull | Weight | Fat | Tissue | Molt | Gonads | Stomach Contents| Iris Color | Upper Mandible Color | Lower Mandible Color | Tarsus Color | Tarsus Color,"Sunday, February 20, 2011",,,,,,,,
127746,920868,FMNH,Birds,Sturnus vulgaris vulgaris,Chordata,Aves,Passeriformes,Sturnidae,No Person (Birds),Europe,United Kingdom,England,Blackpool,,No,920868,skin(r),skull | Weight | Fat | Tissue | Molt | Gonads | Stomach Contents| Iris Color | Upper Mandible Color | Lower Mandible Color | Tarsus Color | Tarsus Color,"Sunday, June 26, 2022",,,,,,,,
127747,920869,FMNH,Birds,Sturnus vulgaris vulgaris,Chordata,Aves,Passeriformes,Sturnidae,No Person (Birds),Europe,United Kingdom,England,Berwick,Male,No,920869,skin(r),skull | Weight | Fat | Tissue | Molt | Gonads | Stomach Contents| Iris Color | Upper Mandible Color | Lower Mandible Color | Tarsus Color | Tarsus Color,"Wednesday, April 6, 1921","cabinet 478, shelf 5th from top",26.68,7.09,16.83,7.6,27.96,115,
151881,945201,FMNH,Birds,Sturnus vulgaris vulgaris,Chordata,Aves,Passeriformes,Sturnidae,No Person (Birds),Europe,United Kingdom,England,Berwick,Male,No,945201,skin(r),skull | Weight | Fat | Tissue | Molt | Gonads | Stomach Contents| Iris Color | Upper Mandible Color | Lower Mandible Color | Tarsus Color | Tarsus Color,"Wednesday, April 6, 1921","cabinet 478, shelf 5th from top",25.09,7.55,15.91,7.42,26.13,118,
151882,945202,FMNH,Birds,Sturnus vulgaris vulgaris,Chordata,Aves,Passeriformes,Sturnidae,No Person (Birds),Europe,United Kingdom,England,Blackpool,Male,No,945202,skin(r),skull | Weight | Fat | Tissue | Molt | Gonads | Stomach Contents| Iris Color | Upper Mandible Color | Lower Mandible Color | Tarsus Color | Tarsus Color,"Sunday, June 3, 2029",,,,,,,,
151883,945203,FMNH,Birds,Sturnus vulgaris vulgaris,Chordata,Aves,Passeriformes,Sturnidae,No Person (Birds),Europe,United Kingdom,England,Poltun,Male,No,945203,skin(r),skull | Weight | Fat | Tissue | Molt | Gonads | Stomach Contents| Iris Color | Upper Mandible Color | Lower Mandible Color | Tarsus Color | Tarsus Color,"Monday, October 26, 2020",,,,,,,,
310028,1563249,FMNH,Birds,Sturnus vulgaris vulgaris,Chordata,Aves,Passeriformes,Sturnidae,R. B. Sharpe,Europe,United Kingdom,England,Brighton,Female,No,1563249,skin(r),skull | Weight | Fat | Tissue | Molt | Gonads | Stomach Contents| Iris Color | Upper Mandible Color | Lower Mandible Color | Tarsus Color,06 Oct 1888,"cabinet 478, shelf 5th from top",22.34,6.66,16.77,7.45,28.56,120,
310029,1563250,FMNH,Birds,Sturnus vulgaris vulgaris,Chordata,Aves,Passeriformes,Sturnidae,R. B. Sharpe,Europe,United Kingdom,England,Brighton,Male,No,1563250,skin(r),skull | Weight | Fat | Tissue | Molt | Gonads | Stomach Contents| Iris Color | Upper Mandible Color | Lower Mandible Color | Tarsus Color,15 Oct 1888,"cabinet 478, shelf 5th from top",25.16,7.48,16.99,8.1,29.89,121,
310030,1563251,FMNH,Birds,Sturnus vulgaris vulgaris,Chordata,Aves,Passeriformes,Sturnidae,R. B. Sharpe,Europe,United Kingdom,England,Brighton,Male,No,1563251,skin(r),skull | Weight | Fat | Tissue | Molt | Gonads | Stomach Contents| Iris Color | Upper Mandible Color | Lower Mandible Color | Tarsus Color,12 Nov 1888,"cabinet 478, shelf 5th from top",25.78,8,17.49,7.05,28.57,124,
310031,1563252,FMNH,Birds,Sturnus vulgaris vulgaris,Chordata,Aves,Passeriformes,Sturnidae,R. B. Sharpe,Europe,United Kingdom,England,Brighton,Female,No,1563252,skin(r),skull | Weight | Fat | Tissue | Molt | Gonads | Stomach Contents| Iris Color | Upper Mandible Color | Lower Mandible Color | Tarsus Color,24 Sep 1888,"cabinet 478, shelf 5th from top",23.21,7.72,17.84,6.96,29.22,124,
310032,1563253,FMNH,Birds,Sturnus vulgaris vulgaris,Chordata,Aves,Passeriformes,Sturnidae,R. B. Sharpe,Europe,United Kingdom,England,Brighton,,No,1563253,skin(r),skull | Weight | Fat | Tissue | Molt | Gonads | Stomach Contents| Iris Color | Upper Mandible Color | Lower Mandible Color | Tarsus Color,18 Nov 1888,"cabinet 478, shelf 5th from top",23.7,7.02,18.29,7.51,27.88,124,
310033,1563254,FMNH,Birds,Sturnus vulgaris vulgaris,Chordata,Aves,Passeriformes,Sturnidae,R. B. Sharpe,Europe,United Kingdom,England,Brighton,Male,No,1563254,skin(r),skull | Weight | Fat | Tissue | Molt | Gonads | Stomach Contents| Iris Color | Upper Mandible Color | Lower Mandible Color | Tarsus Color,31 Oct 1888,"cabinet 478, shelf 5th from top",24.34,6.69,18.18,8.16,28.14,126,
310034,1563255,FMNH,Birds,Sturnus vulgaris vulgaris,Chordata,Aves,Passeriformes,Sturnidae,R. B. Sharpe,Europe,United Kingdom,England,Brighton,,No,1563255,skin(r),skull | Weight | Fat | Tissue | Molt | Gonads | Stomach Contents| Iris Color | Upper Mandible Color | Lower Mandible Color | Tarsus Color,04 Oct 1888,"cabinet 478, shelf 5th from top",24.58,7.29,16.69,7.08,29.4,129,
310035,1563256,FMNH,Birds,Sturnus vulgaris vulgaris,Chordata,Aves,Passeriformes,Sturnidae,R. B. Sharpe,Europe,United Kingdom,England,Brighton,,No,1563256,skin(r),skull | Weight | Fat | Tissue | Molt | Gonads | Stomach Contents| Iris Color | Upper Mandible Color | Lower Mandible Color | Tarsus Color,24 Sep 1888,"cabinet 478, shelf 5th from top",25.21,7.18,17.71,8.54,26.81,118,
310036,1563257,FMNH,Birds,Sturnus vulgaris vulgaris,Chordata,Aves,Passeriformes,Sturnidae,J. M. Pleydell,Europe,United Kingdom,England,Whatcombe,,No,1563257,skin(r),skull | Weight | Fat | Tissue | Molt | Gonads | Stomach Contents| Iris Color | Upper Mandible Color | Lower Mandible Color | Tarsus Color,21 Mar 1890,"cabinet 478, shelf 5th from top",24.87,7.36,17.94,7.02,27.87,125,
310037,1563258,FMNH,Birds,Sturnus vulgaris vulgaris,Chordata,Aves,Passeriformes,Sturnidae,J. M. Pleydell,Europe,United Kingdom,England,Whatcombe,,No,1563258,skin(r),skull | Weight | Fat | Tissue | Molt | Gonads | Stomach Contents| Iris Color | Upper Mandible Color | Lower Mandible Color | Tarsus Color,08 Feb 1890,"cabinet 478, shelf 5th from top",26.16,8.25,17.32,7.49,28.13,122,
310038,1563259,FMNH,Birds,Sturnus vulgaris vulgaris,Chordata,Aves,Passeriformes,Sturnidae,W. Edwards,Europe,United Kingdom,Wales,St Brides,,No,1563259,skin(r),skull | Weight | Fat | Tissue | Molt | Gonads | Stomach Contents| Iris Color | Upper Mandible Color | Lower Mandible Color | Tarsus Color,06 Jan 1890,"cabinet 478, shelf 5th from top",24.88,7.52,16.95,6.78,28.99,120,
310039,1563260,FMNH,Birds,Sturnus vulgaris vulgaris,Chordata,Aves,Passeriformes,Sturnidae,R. B. Sharpe,Europe,United Kingdom,England,Newhaven,,No,1563260,skin(r),skull | Weight | Fat | Tissue | Molt | Gonads | Stomach Contents| Iris Color | Upper Mandible Color | Lower Mandible Color | Tarsus Color,12 Nov 1888,"cabinet 478, shelf 5th from top",24.8,8.03,16.93,8.09,29.14,131,
310040,1563261,FMNH,Birds,Sturnus vulgaris vulgaris,Chordata,Aves,Passeriformes,Sturnidae,R. B. Sharpe,Europe,United Kingdom,England,Newhaven,,No,1563261,skin(r),skull | Weight | Fat | Tissue | Molt | Gonads | Stomach Contents| Iris Color | Upper Mandible Color | Lower Mandible Color | Tarsus Color,12 Nov 1888,"cabinet 478, shelf 5th from top",24.3,7.52,18.08,7.21,25.64,121,
310041,1563262,FMNH,Birds,Sturnus vulgaris vulgaris,Chordata,Aves,Passeriformes,Sturnidae,P. Loney,Europe,United Kingdom,England,"Berwick, Duns",Female,No,1563262,skin(r),skull | Weight | Fat | Tissue | Molt | Gonads | Stomach Contents| Iris Color | Upper Mandible Color | Lower Mandible Color | Tarsus Color,02 Jan 1889,"cabinet 478, shelf 5th from top",24.21,7.79,17.7,7.35,28.9,122,
310042,1563263,FMNH,Birds,Sturnus vulgaris vulgaris,Chordata,Aves,Passeriformes,Sturnidae,No Person (Birds),Europe,United Kingdom,England,Bottingclean,Female,No,1563263,skin(r),skull | Weight | Fat | Tissue | Molt | Gonads | Stomach Contents| Iris Color | Upper Mandible Color | Lower Mandible Color | Tarsus Color,04 Dec 1888,"cabinet 478, shelf 5th from top",24.02,6.72,17.63,7.27,27.53,125,
310043,1563264,FMNH,Birds,Sturnus vulgaris vulgaris,Chordata,Aves,Passeriformes,Sturnidae,W. F. Brockholes,Europe,United Kingdom,England,,Male,No,1563264,skin(r),skull | Weight | Fat | Tissue | Molt | Gonads | Stomach Contents| Iris Color | Upper Mandible Color | Lower Mandible Color | Tarsus Color,26 Feb 1890,"cabinet 478, shelf 5th from top",24.48,7.13,24.81,7.19,29.69,129,
310044,1563265,FMNH,Birds,Sturnus vulgaris vulgaris,Chordata,Aves,Passeriformes,Sturnidae,Sifford,Europe,United Kingdom,England,Sifford,Male,No,1563265,skin(r),skull | Weight | Fat | Tissue | Molt | Gonads | Stomach Contents| Iris Color | Upper Mandible Color | Lower Mandible Color | Tarsus Color,10 Sep 1888,"cabinet 478, shelf 5th from top",24.41,7.99,16.63,7.26,27.8,119,
310045,1563266,FMNH,Birds,Sturnus vulgaris vulgaris,Chordata,Aves,Passeriformes,Sturnidae,R. B. Sharpe,Europe,United Kingdom,England,Brighton,,No,1563266,skin(r),skull | Weight | Fat | Tissue | Molt | Gonads | Stomach Contents| Iris Color | Upper Mandible Color | Lower Mandible Color | Tarsus Color,15 Apr 1889,"cabinet 478, shelf 5th from top",broken beak ,,,,,,
39972,757606,FMNH,Birds,Sturnus vulgaris vulgaris,Chordata,Aves,Passeriformes,Sturnidae,W. G. Good,Europe,United Kingdom,England,Norwich,Female,No,757606,skin(r),skull | Weight | Fat | Tissue | Molt | Gonads | Stomach Contents| Iris Color | Upper Mandible Color | Lower Mandible Color | Tarsus Color | Tarsus Color,05 Jan 1895,,,,,,,,
,,,,,,,,,,,,,,,,,,,,,,,,,,,
,,,,,,,,,,,,,,,,,,,,,24.545,7.3935,17.624,7.4425,28.1535,123.25,